999
dxflib 3.26.4.0
  0
SECTION
  2
HEADER
  9
$ACADVER
  1
AC1015
  9
$HANDSEED
  5
FFFF
  9
$ANGBASE
 50
0.0
  9
$ANGDIR
 70
0
  9
$ATTMODE
 70
1
  9
$AUNITS
 70
0
  9
$AUPREC
 70
2
  9
$CECOLOR
 62
256
  9
$CELTSCALE
 40
1.0
  9
$CHAMFERA
 40
0.0
  9
$CHAMFERB
 40
0.0
  9
$CHAMFERC
 40
0.0
  9
$CHAMFERD
 40
0.0
  9
$CMLJUST
 70
0
  9
$CMLSCALE
 40
20.0
  9
$DIMADEC
 70
2
  9
$DIMALT
 70
0
  9
$DIMALTD
 70
3
  9
$DIMALTF
 40
0.03937007874
  9
$DIMALTRND
 40
0.0
  9
$DIMALTTD
 70
3
  9
$DIMALTTZ
 70
0
  9
$DIMALTU
 70
2
  9
$DIMALTZ
 70
0
  9
$DIMAPOST
  1

  9
$DIMASZ
 40
0.175
  9
$DIMATFIT
 70
3
  9
$DIMAUNIT
 70
0
  9
$DIMAZIN
 70
3
  9
$DIMBLK
  1
0
  9
$DIMBLK1
  1
0
  9
$DIMBLK2
  1
0
  9
$DIMCEN
 40
2.5
  9
$DIMCLRD
 70
0
  9
$DIMCLRE
 70
0
  9
$DIMDEC
 70
2
  9
$DIMDLE
 40
0.0
  9
$DIMDLI
 40
3.75
  9
$DIMDSEP
 70
46
  9
$DIMEXE
 40
0.375
  9
$DIMEXO
 40
0.125
  9
$DIMFRAC
 70
0
  9
$DIMGAP
 40
0.1
  9
$DIMJUST
 70
0
  9
$DIMLDRBLK
  1

  9
$DIMLFAC
 40
100.0
  9
$DIMLIM
 70
0
  9
$DIMLUNIT
 70
2
  9
$DIMLWD
 70
-2
  9
$DIMLWE
 70
-2
  9
$DIMPOST
  1

  9
$DIMRND
 40
0.0
  9
$DIMSAH
 70
0
  9
$DIMSCALE
 40
1.0
  9
$DIMSD1
 70
0
  9
$DIMSD2
 70
0
  9
$DIMSE1
 70
0
  9
$DIMSE2
 70
0
  9
$DIMSOXD
 70
0
  9
$DIMTAD
 70
1
  9
$DIMTDEC
 70
2
  9
$DIMTFAC
 40
0.5
  9
$DIMTIH
 70
0
  9
$DIMTIX
 70
0
  9
$DIMTM
 40
0.0
  9
$DIMTOFL
 70
1
  9
$DIMTOH
 70
0
  9
$DIMTOL
 70
0
  9
$DIMTOLJ
 70
0
  9
$DIMTP
 40
0.0
  9
$DIMTSZ
 40
0.0
  9
$DIMTVP
 40
0.0
  9
$DIMTXSTY
  7
OpenSansCondensed-Light
  9
$DIMTXT
 40
0.25
  9
$DIMTZIN
 70
8
  9
$DIMUPT
 70
1
  9
$DIMZIN
 70
12
  9
$DISPSILH
 70
0
  9
$DWGCODEPAGE
  3
ANSI_1252
  9
$ELEVATION
 40
0.0
  9
$FILLETRAD
 40
10.0
  9
$FILLMODE
 70
1
  9
$INSUNITS
 70
2
  9
$LIMCHECK
 70
0
  9
$LTSCALE
 40
1.0
  9
$LUNITS
 70
2
  9
$LUPREC
 70
4
  9
$MAXACTVP
 70
64
  9
$MEASUREMENT
 70
1
  9
$MIRRTEXT
 70
1
  9
$ORTHOMODE
 70
0
  9
$PDMODE
 70
0
  9
$PDSIZE
 40
0.0
  9
$PELEVATION
 40
0.0
  9
$PLIMCHECK
 70
0
  9
$PLINEGEN
 70
0
  9
$PLINEWID
 40
0.0
  9
$PROXYGRAPHICS
 70
1
  9
$PSLTSCALE
 70
1
  9
$PUCSNAME
  2

  9
$QTEXTMODE
 70
0
  9
$REGENMODE
 70
1
  9
$SHADEDGE
 70
3
  9
$SHADEDIF
 70
70
  9
$SKETCHINC
 40
1.0
  9
$SKPOLY
 70
0
  9
$SPLFRAME
 70
0
  9
$SPLINESEGS
 70
8
  9
$SPLINETYPE
 70
6
  9
$SURFTAB1
 70
6
  9
$SURFTAB2
 70
6
  9
$SURFTYPE
 70
6
  9
$SURFU
 70
6
  9
$SURFV
 70
6
  9
$TEXTSIZE
 40
2.5
  9
$TEXTSTYLE
  7
OpenSans
  9
$THICKNESS
 40
0.0
  9
$TILEMODE
 70
1
  9
$TRACEWID
 40
1.0
  9
$TREEDEPTH
 70
3020
  9
$UCSNAME
  2

  9
$UNITMODE
 70
0
  9
$USERI1
 70
0
  9
$USERI2
 70
0
  9
$USERI3
 70
0
  9
$USERI4
 70
0
  9
$USERI5
 70
0
  9
$USERR1
 40
0.0
  9
$USERR2
 40
0.0
  9
$USERR3
 40
0.0
  9
$USERR4
 40
0.0
  9
$USERR5
 40
0.0
  9
$USRTIMER
 70
1
  9
$VISRETAIN
 70
1
  0
ENDSEC
  0
SECTION
  2
TABLES
  0
TABLE
  2
VPORT
  5
8
100
AcDbSymbolTable
 70
1
  0
VPORT
  5
30
100
AcDbSymbolTableRecord
100
AcDbViewportTableRecord
  2
*Active
 70
0
 10
0.0
 20
0.0
 11
1.0
 21
1.0
 12
286.3055555555554861
 22
148.5
 13
0.0
 23
0.0
 14
10.0
 24
10.0
 15
10.0
 25
10.0
 16
0.0
 26
0.0
 36
1.0
 17
0.0
 27
0.0
 37
0.0
 40
297.0
 41
1.92798353909465
 42
50.0
 43
0.0
 44
0.0
 50
0.0
 51
0.0
 71
0
 72
100
 73
1
 74
3
 75
1
 76
1
 77
0
 78
0
281
0
 65
1
110
0.0
120
0.0
130
0.0
111
1.0
121
0.0
131
0.0
112
0.0
122
1.0
132
0.0
 79
0
146
0.0
  0
ENDTAB
  0
TABLE
  2
LTYPE
  5
5
100
AcDbSymbolTable
 70
60
  0
LTYPE
  5
16
100
AcDbSymbolTableRecord
100
AcDbLinetypeTableRecord
  2
Continuous
 70
0
  3
Solid line
 72
65
 73
0
 40
0.0
  0
LTYPE
  5
32
100
AcDbSymbolTableRecord
100
AcDbLinetypeTableRecord
  2
PHANTOMX2
 70
0
  3
Phantom (2x)____________    ____    ____    ____________
 72
65
 73
6
 40
10.7949999999999982
 49
6.3499999999999996
 74
0
 49
-0.635
 74
0
 49
1.27
 74
0
 49
-0.635
 74
0
 49
1.27
 74
0
 49
-0.635
 74
0
  0
LTYPE
  5
33
100
AcDbSymbolTableRecord
100
AcDbLinetypeTableRecord
  2
PHANTOM
 70
0
  3
Phantom ______  __  __  ______  __  __  ______
 72
65
 73
6
 40
6.3499999999999988
 49
3.1749999999999998
 74
0
 49
-0.635
 74
0
 49
0.635
 74
0
 49
-0.635
 74
0
 49
0.635
 74
0
 49
-0.635
 74
0
  0
LTYPE
  5
34
100
AcDbSymbolTableRecord
100
AcDbLinetypeTableRecord
  2
POINT2
 70
0
  3
----\/-----\/---
 72
65
 73
2
 40
1.2307999999999999
 49
1.0
 74
0
 49
-0.2308
 74
0
  0
LTYPE
  5
35
100
AcDbSymbolTableRecord
100
AcDbLinetypeTableRecord
  2
BORDERX2
 70
0
  3
Border (2x) ____  ____  .  ____  ____  .  ___
 72
65
 73
6
 40
88.8999999999999773
 49
25.3999999999999986
 74
0
 49
-12.6999999999999993
 74
0
 49
25.3999999999999986
 74
0
 49
-12.6499999999999986
 74
0
 49
0.1
 74
0
 49
-12.6499999999999986
 74
0
  0
LTYPE
  5
36
100
AcDbSymbolTableRecord
100
AcDbLinetypeTableRecord
  2
DOT
 70
0
  3
Dot .  .  .  .  .  .  .  .  .  .  .  .  .  .  .  .
 72
65
 73
2
 40
0.508
 49
0.1
 74
0
 49
-0.408
 74
0
  0
LTYPE
  5
37
100
AcDbSymbolTableRecord
100
AcDbLinetypeTableRecord
  2
ACAD_ISO09W100
 70
0
  3
ISO long-dash double-short-dash ____ __ __ ____
 72
65
 73
6
 40
45.0
 49
24.0
 74
0
 49
-3.0
 74
0
 49
6.0
 74
0
 49
-3.0
 74
0
 49
6.0
 74
0
 49
-3.0
 74
0
  0
LTYPE
  5
38
100
AcDbSymbolTableRecord
100
AcDbLinetypeTableRecord
  2
DIVIDE2
 70
0
  3
Divide(.5x) _ . _ . _ . _ . _ . _ . _ . _
 72
65
 73
6
 40
2.032
 49
1.27
 74
0
 49
-0.204
 74
0
 49
0.1
 74
0
 49
-0.154
 74
0
 49
0.1
 74
0
 49
-0.204
 74
0
  0
LTYPE
  5
39
100
AcDbSymbolTableRecord
100
AcDbLinetypeTableRecord
  2
BORDER
 70
0
  3
Border __ __ . __ __ . __ __ . __ __ . __ __ .
 72
65
 73
6
 40
44.4499999999999957
 49
12.6999999999999993
 74
0
 49
-6.3499999999999996
 74
0
 49
12.6999999999999993
 74
0
 49
-6.2999999999999998
 74
0
 49
0.1
 74
0
 49
-6.2999999999999998
 74
0
  0
LTYPE
  5
3A
100
AcDbSymbolTableRecord
100
AcDbLinetypeTableRecord
  2
PLANT
 70
0
  3
_/^\_\^\_
 72
65
 73
7
 40
0.8644000000000001
 49
0.001
 74
0
 49
-0.118
 74
0
 49
-0.124
 74
0
 49
-0.167
 74
0
 49
-0.182
 74
0
 49
-0.0984
 74
0
 49
-0.174
 74
0
  0
LTYPE
  5
3B
100
AcDbSymbolTableRecord
100
AcDbLinetypeTableRecord
  2
CENTER2
 70
0
  3
Center (.5x) ____ _ ____ _ ____ _ ____ _ ____
 72
65
 73
4
 40
2.5409999999999999
 49
1.587
 74
0
 49
-0.318
 74
0
 49
0.318
 74
0
 49
-0.318
 74
0
  0
LTYPE
  5
3C
100
AcDbSymbolTableRecord
100
AcDbLinetypeTableRecord
  2
ACAD_ISO10W100
 70
0
  3
ISO dash dot __ . __ . __ . __ . __ . __ . __ . 
 72
65
 73
4
 40
18.0
 49
12.0
 74
0
 49
-2.9500000000000002
 74
0
 49
0.1
 74
0
 49
-2.9500000000000002
 74
0
  0
LTYPE
  5
3D
100
AcDbSymbolTableRecord
100
AcDbLinetypeTableRecord
  2
HIDDEN2
 70
0
  3
Hidden (.5x) _ _ _ _ _ _ _ _ _ _ _ _ _ _ _ _ _ 
 72
65
 73
2
 40
4.7624999999999993
 49
3.1749999999999998
 74
0
 49
-1.5874999999999999
 74
0
  0
LTYPE
  5
3E
100
AcDbSymbolTableRecord
100
AcDbLinetypeTableRecord
  2
DASHED2
 70
0
  3
Dashed (.5x) _ _ _ _ _ _ _ _ _ _ _ _ _ _
 72
65
 73
2
 40
0.762
 49
0.635
 74
0
 49
-0.127
 74
0
  0
LTYPE
  5
3F
100
AcDbSymbolTableRecord
100
AcDbLinetypeTableRecord
  2
DRAINAGE
 70
0
  3
Drainage ---->---->---->----
 72
65
 73
2
 40
0.4
 49
0.2
 74
0
 49
0.2
 74
0
  0
LTYPE
  5
40
100
AcDbSymbolTableRecord
100
AcDbLinetypeTableRecord
  2
NSS_JOINT
 70
0
  3
Geologic joint / fracture trend, fine . _ . _
 72
65
 73
2
 40
0.5
 49
0.08
 74
0
 49
-0.42
 74
0
  0
LTYPE
  5
41
100
AcDbSymbolTableRecord
100
AcDbLinetypeTableRecord
  2
DASHDOTX2
 70
0
  3
Dash dot (2x) ____  .  ____  .  ____  .  ____
 72
65
 73
4
 40
6.0960000000000001
 49
5.0800000000000001
 74
0
 49
-0.458
 74
0
 49
0.1
 74
0
 49
-0.458
 74
0
  0
LTYPE
  5
42
100
AcDbSymbolTableRecord
100
AcDbLinetypeTableRecord
  2
DIVIDE
 70
0
  3
Divide __ . . __ . . __ . . __ . . __ . . __
 72
65
 73
6
 40
4.0640000000000001
 49
2.54
 74
0
 49
-0.458
 74
0
 49
0.1
 74
0
 49
-0.408
 74
0
 49
0.1
 74
0
 49
-0.458
 74
0
  0
LTYPE
  5
43
100
AcDbSymbolTableRecord
100
AcDbLinetypeTableRecord
  2
CENTERX2
 70
0
  3
Center (2x) ________  __  ________  __  ________
 72
65
 73
4
 40
8.8899999999999988
 49
6.3499999999999996
 74
0
 49
-0.635
 74
0
 49
1.27
 74
0
 49
-0.635
 74
0
  0
LTYPE
  5
44
100
AcDbSymbolTableRecord
100
AcDbLinetypeTableRecord
  2
ACAD_ISO11W100
 70
0
  3
ISO double-dash dot __ __ . __ __ . __ __ . __ _
 72
65
 73
6
 40
33.0
 49
12.0
 74
0
 49
-3.0
 74
0
 49
12.0
 74
0
 49
-2.9500000000000002
 74
0
 49
0.1
 74
0
 49
-2.9500000000000002
 74
0
  0
LTYPE
  5
45
100
AcDbSymbolTableRecord
100
AcDbLinetypeTableRecord
  2
DOT2
 70
0
  3
Dot (.5) . . . . . . . . . . . . . . . . . . . 
 72
65
 73
2
 40
0.254
 49
0.1
 74
0
 49
-0.154
 74
0
  0
LTYPE
  5
46
100
AcDbSymbolTableRecord
100
AcDbLinetypeTableRecord
  2
ACAD_ISO04W100
 70
0
  3
ISO long-dash dot ____ . ____ . ____ . ____ . _
 72
65
 73
4
 40
30.0
 49
24.0
 74
0
 49
-2.9500000000000002
 74
0
 49
0.1
 74
0
 49
-2.9500000000000002
 74
0
  0
LTYPE
  5
47
100
AcDbSymbolTableRecord
100
AcDbLinetypeTableRecord
  2
ACAD_ISO05W100
 70
0
  3
ISO long-dash double-dot ____ .. ____ .. ____ . 
 72
65
 73
6
 40
33.0000000000000071
 49
24.0
 74
0
 49
-2.9500000000000002
 74
0
 49
0.1
 74
0
 49
-2.9000000000000004
 74
0
 49
0.1
 74
0
 49
-2.9500000000000002
 74
0
  0
LTYPE
  5
48
100
AcDbSymbolTableRecord
100
AcDbLinetypeTableRecord
  2
PHANTOM2
 70
0
  3
Phantom (.5x) ___ _ _ ___ _ _ ___ _ _ ___ _ _ ___
 72
65
 73
6
 40
3.177
 49
1.587
 74
0
 49
-0.318
 74
0
 49
0.318
 74
0
 49
-0.318
 74
0
 49
0.318
 74
0
 49
-0.318
 74
0
  0
LTYPE
  5
49
100
AcDbSymbolTableRecord
100
AcDbLinetypeTableRecord
  2
HOT_WATER_SUPPLY
 70
0
  3
Hot water supply ---- HW ---- HW ---- HW ----
 72
65
 73
3
 40
0.8999999999999999
 49
0.5
 74
0
 49
-0.2
 74
2
 75
0
340
31
 46
0.1
 50
0.0
 44
-0.1
 45
-0.05
  9
HW
 49
-0.2
 74
0
  0
LTYPE
  5
4A
100
AcDbSymbolTableRecord
100
AcDbLinetypeTableRecord
  2
ACAD_ISO07W100
 70
0
  3
ISO dot . . . . . . . . . . . . . . . . . . . . 
 72
65
 73
2
 40
3.0
 49
0.1
 74
0
 49
-2.8999999999999999
 74
0
  0
LTYPE
  5
4B
100
AcDbSymbolTableRecord
100
AcDbLinetypeTableRecord
  2
DIVIDEX2
 70
0
  3
Divide (2x) ____  . .  ____  . .  ____  . .  ____
 72
65
 73
6
 40
6.6040000000000001
 49
5.0800000000000001
 74
0
 49
-0.458
 74
0
 49
0.1
 74
0
 49
-0.408
 74
0
 49
0.1
 74
0
 49
-0.458
 74
0
  0
LTYPE
  5
4C
100
AcDbSymbolTableRecord
100
AcDbLinetypeTableRecord
  2
ACAD_ISO14W100
 70
0
  3
ISO dash triple-dot __ . . . __ . . . __ . . . _
 72
65
 73
8
 40
24.0000000000000036
 49
12.0
 74
0
 49
-2.9500000000000002
 74
0
 49
0.1
 74
0
 49
-2.9000000000000004
 74
0
 49
0.1
 74
0
 49
-2.9000000000000004
 74
0
 49
0.1
 74
0
 49
-2.9500000000000002
 74
0
  0
LTYPE
  5
4D
100
AcDbSymbolTableRecord
100
AcDbLinetypeTableRecord
  2
GAS_LINE
 70
0
  3
Gas line ----GAS----GAS----GAS----GAS----GAS----GAS--
 72
65
 73
3
 40
0.95
 49
0.5
 74
0
 49
-0.2
 74
2
 75
0
340
31
 46
0.1
 50
0.0
 44
-0.1
 45
-0.05
  9
GAS
 49
-0.25
 74
0
  0
LTYPE
  5
4E
100
AcDbSymbolTableRecord
100
AcDbLinetypeTableRecord
  2
NSS_OVERHANG
 70
0
  3
Overhang / ceiling ledge __ . __ .
 72
65
 73
4
 40
0.9999999999999999
 49
0.7
 74
0
 49
-0.1
 74
0
 49
0.1
 74
0
 49
-0.1
 74
0
  0
LTYPE
  5
4F
100
AcDbSymbolTableRecord
100
AcDbLinetypeTableRecord
  2
BATTING
 70
0
  3
Batting SSSSSSSSSSSSSSSSSSSSSSSSSSSSSSSSSSSSSSSSSSSSSSS
 72
65
 73
4
 40
0.4001
 49
0.0001
 74
0
 49
-0.1
 74
0
 49
-0.2
 74
0
 49
-0.1
 74
0
  0
LTYPE
  5
50
100
AcDbSymbolTableRecord
100
AcDbLinetypeTableRecord
  2
FENCELINE2
 70
0
  3
Fenceline square ----[]-----[]----[]-----[]----[]---
 72
65
 73
4
 40
1.45
 49
0.25
 74
0
 49
-0.1
 74
0
 49
-0.1
 74
0
 49
1.0
 74
0
  0
LTYPE
  5
51
100
AcDbSymbolTableRecord
100
AcDbLinetypeTableRecord
  2
DASHDOT2
 70
0
  3
Dash dot (.5x) _ . _ . _ . _ . _ . _ . _ . _
 72
65
 73
4
 40
1.778
 49
1.27
 74
0
 49
-0.204
 74
0
 49
0.1
 74
0
 49
-0.204
 74
0
  0
LTYPE
  5
52
100
AcDbSymbolTableRecord
100
AcDbLinetypeTableRecord
  2
POINT1
 70
0
  3
----/\-----/\---
 72
65
 73
2
 40
1.2307999999999999
 49
1.0
 74
0
 49
-0.2308
 74
0
  0
LTYPE
  5
53
100
AcDbSymbolTableRecord
100
AcDbLinetypeTableRecord
  2
ACAD_ISO02W100
 70
0
  3
ISO dash __ __ __ __ __ __ __ __ __ __ __ __ __
 72
65
 73
2
 40
15.0
 49
12.0
 74
0
 49
-3.0
 74
0
  0
LTYPE
  5
54
100
AcDbSymbolTableRecord
100
AcDbLinetypeTableRecord
  2
BORDER2
 70
0
  3
Border (.5x) __.__.__.__.__.__.__.__.__.__.__.
 72
65
 73
6
 40
22.2250000000000014
 49
6.3499999999999996
 74
0
 49
-3.1749999999999998
 74
0
 49
6.3499999999999996
 74
0
 49
-3.125
 74
0
 49
0.1
 74
0
 49
-3.125
 74
0
  0
LTYPE
  5
55
100
AcDbSymbolTableRecord
100
AcDbLinetypeTableRecord
  2
TRACKS
 70
0
  3
Tracks -|-|-|-|-|-|-|-|-|-|-|-|-|-|-|-|-|-|-|-|-|-|-|-|-
 72
65
 73
2
 40
0.3
 49
0.15
 74
0
 49
0.15
 74
0
  0
LTYPE
  5
56
100
AcDbSymbolTableRecord
100
AcDbLinetypeTableRecord
  2
ZIGZAG
 70
0
  3
Zig zag /\/\/\/\/\/\/\/\/\/\/\/\/\/\/\/\/\/\/\/\/\/\/\/
 72
65
 73
4
 40
0.8001
 49
0.0001
 74
0
 49
-0.2
 74
0
 49
-0.4
 74
0
 49
-0.2
 74
0
  0
LTYPE
  5
57
100
AcDbSymbolTableRecord
100
AcDbLinetypeTableRecord
  2
DASHED
 70
0
  3
Dashed __ __ __ __ __ __ __ __ __ __ __ __ __ _
 72
65
 73
2
 40
1.524
 49
1.27
 74
0
 49
-0.254
 74
0
  0
LTYPE
  5
58
100
AcDbSymbolTableRecord
100
AcDbLinetypeTableRecord
  2
NSS_DOTTED
 70
0
  3
Dotted (ceiling height traverse) . . . .
 72
65
 73
2
 40
0.3
 49
0.1
 74
0
 49
-0.2
 74
0
  0
LTYPE
  5
59
100
AcDbSymbolTableRecord
100
AcDbLinetypeTableRecord
  2
NSS_INFERRED
 70
0
  3
Inferred / projected wall __ __ __
 72
65
 73
2
 40
0.8999999999999999
 49
0.6
 74
0
 49
-0.3
 74
0
  0
LTYPE
  5
5A
100
AcDbSymbolTableRecord
100
AcDbLinetypeTableRecord
  2
ACAD_ISO06W100
 70
0
  3
ISO long-dash triple-dot ____ ... ____ ... ____
 72
65
 73
8
 40
36.0000000000000071
 49
24.0
 74
0
 49
-2.9500000000000002
 74
0
 49
0.1
 74
0
 49
-2.9000000000000004
 74
0
 49
0.1
 74
0
 49
-2.9000000000000004
 74
0
 49
0.1
 74
0
 49
-2.9500000000000002
 74
0
  0
LTYPE
  5
5B
100
AcDbSymbolTableRecord
100
AcDbLinetypeTableRecord
  2
HIDDENX2
 70
0
  3
Hidden (2x) ____ ____ ____ ____ ____ ____ ____ 
 72
65
 73
2
 40
19.0499999999999972
 49
12.6999999999999993
 74
0
 49
-6.3499999999999996
 74
0
  0
LTYPE
  5
5C
100
AcDbSymbolTableRecord
100
AcDbLinetypeTableRecord
  2
HIDDEN
 70
0
  3
Hidden __ __ __ __ __ __ __ __ __ __ __ __ __ __
 72
65
 73
2
 40
9.5249999999999986
 49
6.3499999999999996
 74
0
 49
-3.1749999999999998
 74
0
  0
LTYPE
  5
5D
100
AcDbSymbolTableRecord
100
AcDbLinetypeTableRecord
  2
ACAD_ISO08W100
 70
0
  3
ISO long-dash short-dash ____ __ ____ __ ____ _
 72
65
 73
4
 40
36.0
 49
24.0
 74
0
 49
-3.0
 74
0
 49
6.0
 74
0
 49
-3.0
 74
0
  0
LTYPE
  5
5E
100
AcDbSymbolTableRecord
100
AcDbLinetypeTableRecord
  2
NSS_WATER_INTERMITTENT
 70
0
  3
Intermittent water - - - -
 72
65
 73
2
 40
0.5
 49
0.3
 74
0
 49
-0.2
 74
0
  0
LTYPE
  5
5F
100
AcDbSymbolTableRecord
100
AcDbLinetypeTableRecord
  2
ACAD_ISO13W100
 70
0
  3
ISO double-dash double-dot __ __ . . __ __ . . _
 72
65
 73
8
 40
36.0000000000000071
 49
12.0
 74
0
 49
-3.0
 74
0
 49
12.0
 74
0
 49
-2.9500000000000002
 74
0
 49
0.1
 74
0
 49
-2.9000000000000004
 74
0
 49
0.1
 74
0
 49
-2.9500000000000002
 74
0
  0
LTYPE
  5
60
100
AcDbSymbolTableRecord
100
AcDbLinetypeTableRecord
  2
NSS_DRIPLINE
 70
0
  3
Dripline - . - . - .
 72
65
 73
4
 40
0.7999999999999999
 49
0.5
 74
0
 49
-0.1
 74
0
 49
0.1
 74
0
 49
-0.1
 74
0
  0
LTYPE
  5
61
100
AcDbSymbolTableRecord
100
AcDbLinetypeTableRecord
  2
DASHEDX2
 70
0
  3
Dashed (2x) ____  ____  ____  ____  ____  ____
 72
65
 73
2
 40
3.048
 49
2.54
 74
0
 49
-0.508
 74
0
  0
LTYPE
  5
62
100
AcDbSymbolTableRecord
100
AcDbLinetypeTableRecord
  2
CENTER
 70
0
  3
Center ____ _ ____ _ ____ _ ____ _ ____ _ ____
 72
65
 73
4
 40
5.0799999999999992
 49
3.1749999999999998
 74
0
 49
-0.635
 74
0
 49
0.635
 74
0
 49
-0.635
 74
0
  0
LTYPE
  5
14
100
AcDbSymbolTableRecord
100
AcDbLinetypeTableRecord
  2
ByBlock
 70
0
  3

 72
65
 73
0
 40
0.0
  0
LTYPE
  5
63
100
AcDbSymbolTableRecord
100
AcDbLinetypeTableRecord
  2
ACAD_ISO12W100
 70
0
  3
ISO dash double-dot __ . . __ . . __ . . __ . . 
 72
65
 73
6
 40
21.0
 49
12.0
 74
0
 49
-2.9500000000000002
 74
0
 49
0.1
 74
0
 49
-2.9000000000000004
 74
0
 49
0.1
 74
0
 49
-2.9500000000000002
 74
0
  0
LTYPE
  5
64
100
AcDbSymbolTableRecord
100
AcDbLinetypeTableRecord
  2
FENCELINE1
 70
0
  3
Fenceline circle ----0-----0----0-----0----0-----0--
 72
65
 73
4
 40
1.45
 49
0.25
 74
0
 49
-0.1
 74
0
 49
-0.1
 74
0
 49
1.0
 74
0
  0
LTYPE
  5
65
100
AcDbSymbolTableRecord
100
AcDbLinetypeTableRecord
  2
DRAINAGE2
 70
0
  3
Drainage reversed ----<----<----<----
 72
65
 73
2
 40
0.4
 49
0.2
 74
0
 49
0.2
 74
0
  0
LTYPE
  5
66
100
AcDbSymbolTableRecord
100
AcDbLinetypeTableRecord
  2
ACAD_ISO15W100
 70
0
  3
ISO double-dash triple-dot __ __ . . . __ __ . .
 72
65
 73
10
 40
39.0000000000000071
 49
12.0
 74
0
 49
-3.0
 74
0
 49
12.0
 74
0
 49
-2.9500000000000002
 74
0
 49
0.1
 74
0
 49
-2.9000000000000004
 74
0
 49
0.1
 74
0
 49
-2.9000000000000004
 74
0
 49
0.1
 74
0
 49
-2.9500000000000002
 74
0
  0
LTYPE
  5
67
100
AcDbSymbolTableRecord
100
AcDbLinetypeTableRecord
  2
NSS_CLIMB
 70
0
  3
Climb / chimney route : : : :
 72
65
 73
2
 40
0.35
 49
0.06
 74
0
 49
-0.29
 74
0
  0
LTYPE
  5
68
100
AcDbSymbolTableRecord
100
AcDbLinetypeTableRecord
  2
ACAD_ISO03W100
 70
0
  3
ISO dash space __    __    __    __    __    __
 72
65
 73
2
 40
30.0
 49
12.0
 74
0
 49
-18.0
 74
0
  0
LTYPE
  5
69
100
AcDbSymbolTableRecord
100
AcDbLinetypeTableRecord
  2
DOTX2
 70
0
  3
Dot (2x) .    .    .    .    .    .    .    . 
 72
65
 73
2
 40
1.016
 49
0.1
 74
0
 49
-0.916
 74
0
  0
LTYPE
  5
15
100
AcDbSymbolTableRecord
100
AcDbLinetypeTableRecord
  2
ByLayer
 70
0
  3

 72
65
 73
0
 40
0.0
  0
LTYPE
  5
6A
100
AcDbSymbolTableRecord
100
AcDbLinetypeTableRecord
  2
DASHDOT
 70
0
  3
Dash dot __ . __ . __ . __ . __ . __ . __ . __
 72
65
 73
4
 40
3.5560000000000005
 49
2.54
 74
0
 49
-0.458
 74
0
 49
0.1
 74
0
 49
-0.458
 74
0
  0
ENDTAB
  0
TABLE
  2
LAYER
  5
2
100
AcDbSymbolTable
 70
208
  0
LAYER
  5
6B
100
AcDbSymbolTableRecord
100
AcDbLayerTableRecord
  2
PROFILE-WALL-GLYPHS
 70
0
 62
8
420
8421504
  6
Continuous
370
18
390
F
  0
LAYER
  5
6C
100
AcDbSymbolTableRecord
100
AcDbLayerTableRecord
  2
SECTION-CEILING-HEIGHT
 70
0
 62
6
420
16711935
  6
NSS_DOTTED
370
18
390
F
  0
LAYER
  5
6D
100
AcDbSymbolTableRecord
100
AcDbLayerTableRecord
  2
OVERHANG-LEDGE
 70
0
 62
6
420
16711935
  6
NSS_OVERHANG
370
35
390
F
  0
LAYER
  5
6E
100
AcDbSymbolTableRecord
100
AcDbLayerTableRecord
  2
WATER-FLOW-ARROWS
 70
0
 62
140
420
49151
  6
Continuous
370
18
390
F
  0
LAYER
  5
6F
100
AcDbSymbolTableRecord
100
AcDbLayerTableRecord
  2
BORDER
 70
0
 62
7
420
16777215
  6
Continuous
370
50
390
F
  0
LAYER
  5
70
100
AcDbSymbolTableRecord
100
AcDbLayerTableRecord
  2
PROFILE-CEILING
 70
0
 62
6
420
16711935
  6
Continuous
370
50
390
F
  0
LAYER
  5
71
100
AcDbSymbolTableRecord
100
AcDbLayerTableRecord
  2
PROFILE-WATER-FLOW-ARROWS
 70
0
 62
140
420
49151
  6
Continuous
370
18
390
F
  0
LAYER
  5
72
100
AcDbSymbolTableRecord
100
AcDbLayerTableRecord
  2
FORMATIONS-FLOWSTONE
 70
0
 62
40
420
16766720
  6
Continuous
370
18
390
F
  0
LAYER
  5
73
100
AcDbSymbolTableRecord
100
AcDbLayerTableRecord
  2
PROFILE-NOTES-DIG
 70
0
 62
9
420
16761035
  6
Continuous
370
18
390
F
  0
LAYER
  5
74
100
AcDbSymbolTableRecord
100
AcDbLayerTableRecord
  2
CTRL-PROFILE-FLOOR
 70
0
 62
8
420
8421504
  6
DASHED
370
0
390
F
  0
LAYER
  5
75
100
AcDbSymbolTableRecord
100
AcDbLayerTableRecord
  2
CTRL-SECTION-CEILING
 70
0
 62
8
420
8421504
  6
DASHED
370
0
390
F
  0
LAYER
  5
76
100
AcDbSymbolTableRecord
100
AcDbLayerTableRecord
  2
PROFILE-FORMATIONS-DRAPERY
 70
0
 62
40
420
16766720
  6
Continuous
370
18
390
F
  0
LAYER
  5
77
100
AcDbSymbolTableRecord
100
AcDbLayerTableRecord
  2
PROFILE-PITS-DOMES
 70
0
 62
33
420
13468991
  6
Continuous
370
35
390
F
  0
LAYER
  5
78
100
AcDbSymbolTableRecord
100
AcDbLayerTableRecord
  2
SECTION-WALL-GLYPHS
 70
0
 62
8
420
8421504
  6
Continuous
370
18
390
F
  0
LAYER
  5
79
100
AcDbSymbolTableRecord
100
AcDbLayerTableRecord
  2
FORMATIONS-RIMSTONE
 70
0
 62
40
420
16766720
  6
Continuous
370
18
390
F
  0
LAYER
  5
7A
100
AcDbSymbolTableRecord
100
AcDbLayerTableRecord
  2
CTRL-SECTION-SHAPE-SPINE
 70
0
 62
8
420
8421504
  6
DASHED
370
0
390
F
  0
LAYER
  5
7B
100
AcDbSymbolTableRecord
100
AcDbLayerTableRecord
  2
SECTION-FORMATIONS-FLOWSTONE
 70
0
 62
40
420
16766720
  6
Continuous
370
18
390
F
  0
LAYER
  5
7C
100
AcDbSymbolTableRecord
100
AcDbLayerTableRecord
  2
NOTES-ELEVATION-LINE
 70
0
 62
8
420
8421504
  6
DASHED
370
9
390
F
  0
LAYER
  5
7D
100
AcDbSymbolTableRecord
100
AcDbLayerTableRecord
  2
SEDIMENT-CLAY-MUD
 70
0
 62
33
420
13468991
  6
Continuous
370
9
390
F
  0
LAYER
  5
7E
100
AcDbSymbolTableRecord
100
AcDbLayerTableRecord
  2
SECTION-FORMATIONS-DRIP
 70
0
 62
40
420
16766720
  6
Continuous
370
18
390
F
  0
LAYER
  5
7F
100
AcDbSymbolTableRecord
100
AcDbLayerTableRecord
  2
SECTION-NOTES-GENERAL
 70
0
 62
7
420
16777215
  6
Continuous
370
18
390
F
  0
LAYER
  5
80
100
AcDbSymbolTableRecord
100
AcDbLayerTableRecord
  2
PROFILE-TEXT-LABELS
 70
0
 62
7
420
16777215
  6
Continuous
370
18
390
F
  0
LAYER
  5
81
100
AcDbSymbolTableRecord
100
AcDbLayerTableRecord
  2
SECTION-BREAKDOWN-BOUNDARY
 70
0
 62
8
420
8421504
  6
NSS_DOTTED
370
9
390
F
  0
LAYER
  5
82
100
AcDbSymbolTableRecord
100
AcDbLayerTableRecord
  2
SECTION-WALLS-INFERRED
 70
0
 62
8
420
8421504
  6
NSS_INFERRED
370
35
390
F
  0
LAYER
  5
83
100
AcDbSymbolTableRecord
100
AcDbLayerTableRecord
  2
NORTH-ARROW
 70
0
 62
7
420
16777215
  6
Continuous
370
25
390
F
  0
LAYER
  5
84
100
AcDbSymbolTableRecord
100
AcDbLayerTableRecord
  2
PROFILE-FLOOR-SLOPE
 70
0
 62
33
420
13468991
  6
Continuous
370
9
390
F
  0
LAYER
  5
85
100
AcDbSymbolTableRecord
100
AcDbLayerTableRecord
  2
SECTION-WATER-DRIP-SEEP
 70
0
 62
140
420
49151
  6
Continuous
370
9
390
F
  0
LAYER
  5
86
100
AcDbSymbolTableRecord
100
AcDbLayerTableRecord
  2
FORMATIONS-DRIP
 70
0
 62
40
420
16766720
  6
Continuous
370
18
390
F
  0
LAYER
  5
87
100
AcDbSymbolTableRecord
100
AcDbLayerTableRecord
  2
SECTION-ANCHORS-BOLTS
 70
0
 62
4
420
65535
  6
Continuous
370
18
390
F
  0
LAYER
  5
88
100
AcDbSymbolTableRecord
100
AcDbLayerTableRecord
  2
CEILING-HEIGHT
 70
0
 62
6
420
16711935
  6
NSS_DOTTED
370
18
390
F
  0
LAYER
  5
89
100
AcDbSymbolTableRecord
100
AcDbLayerTableRecord
  2
CTRL-STATION-LABELS
 70
0
 62
1
420
16711680
  6
Continuous
370
0
390
F
  0
LAYER
  5
8A
100
AcDbSymbolTableRecord
100
AcDbLayerTableRecord
  2
PROFILE-NOTES-GENERAL
 70
0
 62
7
420
16777215
  6
Continuous
370
18
390
F
  0
LAYER
  5
8B
100
AcDbSymbolTableRecord
100
AcDbLayerTableRecord
  2
CTRL-PROFILE-BOX
 70
4
 62
8
420
8421504
  6
Continuous
370
0
390
F
  0
LAYER
  5
8C
100
AcDbSymbolTableRecord
100
AcDbLayerTableRecord
  2
CROSS-SECTION-MARKERS
 70
0
 62
1
420
16711680
  6
Continuous
370
25
390
F
  0
LAYER
  5
8D
100
AcDbSymbolTableRecord
100
AcDbLayerTableRecord
  2
SECTION-SEDIMENT-SAND-GRAVEL
 70
0
 62
33
420
13468991
  6
Continuous
370
9
390
F
  0
LAYER
  5
8E
100
AcDbSymbolTableRecord
100
AcDbLayerTableRecord
  2
SECTION-WATER-INTERMITTENT
 70
0
 62
140
420
49151
  6
NSS_WATER_INTERMITTENT
370
18
390
F
  0
LAYER
  5
8F
100
AcDbSymbolTableRecord
100
AcDbLayerTableRecord
  2
PROFILE-FLOOR
 70
0
 62
33
420
13468991
  6
Continuous
370
50
390
F
  0
LAYER
  5
90
100
AcDbSymbolTableRecord
100
AcDbLayerTableRecord
  2
CTRL-SECTION-STATIONS
 70
0
 62
1
420
16711680
  6
Continuous
370
9
390
F
  0
LAYER
  5
91
100
AcDbSymbolTableRecord
100
AcDbLayerTableRecord
  2
PROFILE-ANCHORS-BOLTS
 70
0
 62
4
420
65535
  6
Continuous
370
18
390
F
  0
LAYER
  5
92
100
AcDbSymbolTableRecord
100
AcDbLayerTableRecord
  2
SECTION-FORMATIONS-MOONMILK-POPCORN
 70
0
 62
40
420
16766720
  6
Continuous
370
9
390
F
  0
LAYER
  5
93
100
AcDbSymbolTableRecord
100
AcDbLayerTableRecord
  2
PROFILE-SLOPE
 70
0
 62
33
420
13468991
  6
Continuous
370
9
390
F
  0
LAYER
  5
94
100
AcDbSymbolTableRecord
100
AcDbLayerTableRecord
  2
CTRL-SECTION-BOX
 70
4
 62
8
420
8421504
  6
Continuous
370
0
390
F
  0
LAYER
  5
95
100
AcDbSymbolTableRecord
100
AcDbLayerTableRecord
  2
CTRL-PROFILE-AREA-BOUNDARY
 70
0
 62
8
420
8421504
  6
DASHED
370
0
390
F
  0
LAYER
  5
96
100
AcDbSymbolTableRecord
100
AcDbLayerTableRecord
  2
PROFILE-WATER-DRIP-SEEP
 70
0
 62
140
420
49151
  6
Continuous
370
9
390
F
  0
LAYER
  5
97
100
AcDbSymbolTableRecord
100
AcDbLayerTableRecord
  2
SECTION-FORMATIONS-DRAPERY
 70
0
 62
40
420
16766720
  6
Continuous
370
18
390
F
  0
LAYER
  5
98
100
AcDbSymbolTableRecord
100
AcDbLayerTableRecord
  2
RIMSTONE
 70
0
 62
40
420
16766720
  6
Continuous
370
25
390
F
  0
LAYER
  5
99
100
AcDbSymbolTableRecord
100
AcDbLayerTableRecord
  2
CLIMBS-CHIMNEYS
 70
0
 62
4
420
65535
  6
NSS_CLIMB
370
18
390
F
  0
LAYER
  5
9A
100
AcDbSymbolTableRecord
100
AcDbLayerTableRecord
  2
PROFILE-SEDIMENT-SAND-GRAVEL
 70
0
 62
33
420
13468991
  6
Continuous
370
9
390
F
  0
LAYER
  5
9B
100
AcDbSymbolTableRecord
100
AcDbLayerTableRecord
  2
PROFILE-WATER-SPRING-RESURGENCE
 70
0
 62
140
420
49151
  6
Continuous
370
25
390
F
  0
LAYER
  5
9C
100
AcDbSymbolTableRecord
100
AcDbLayerTableRecord
  2
PROFILE-BREAKDOWN-BOUNDARY
 70
0
 62
8
420
8421504
  6
NSS_DOTTED
370
9
390
F
  0
LAYER
  5
9D
100
AcDbSymbolTableRecord
100
AcDbLayerTableRecord
  2
PROFILE-WATER-SIPHON
 70
0
 62
140
420
49151
  6
Continuous
370
25
390
F
  0
LAYER
  5
9E
100
AcDbSymbolTableRecord
100
AcDbLayerTableRecord
  2
PROFILE-LEDGE-CEILING
 70
0
 62
6
420
16711935
  6
DASHED
370
25
390
F
  0
LAYER
  5
9F
100
AcDbSymbolTableRecord
100
AcDbLayerTableRecord
  2
SECTION-ICE-SNOW
 70
0
 62
4
420
65535
  6
Continuous
370
18
390
F
  0
LAYER
  5
A0
100
AcDbSymbolTableRecord
100
AcDbLayerTableRecord
  2
CTRL-SECTION-LRUD-WALL-LEFT
 70
0
 62
8
420
8421504
  6
DASHED
370
0
390
F
  0
LAYER
  5
A1
100
AcDbSymbolTableRecord
100
AcDbLayerTableRecord
  2
CTRL-FLOOR
 70
0
 62
8
420
8421504
  6
DASHED
370
0
390
F
  0
LAYER
  5
A2
100
AcDbSymbolTableRecord
100
AcDbLayerTableRecord
  2
CTRL-SECTION-LRUD
 70
0
 62
9
420
16761035
  6
Continuous
370
9
390
F
  0
LAYER
  5
A3
100
AcDbSymbolTableRecord
100
AcDbLayerTableRecord
  2
CTRL-GRID
 70
0
 62
8
420
8421504
  6
Continuous
370
0
390
F
  0
LAYER
  5
A4
100
AcDbSymbolTableRecord
100
AcDbLayerTableRecord
  2
FLOOR-SLOPE
 70
0
 62
33
420
13468991
  6
Continuous
370
9
390
F
  0
LAYER
  5
A5
100
AcDbSymbolTableRecord
100
AcDbLayerTableRecord
  2
CTRL-PROFILE-LRUD-WALL-RIGHT
 70
0
 62
8
420
8421504
  6
DASHED
370
0
390
F
  0
LAYER
  5
A6
100
AcDbSymbolTableRecord
100
AcDbLayerTableRecord
  2
CTRL-LRUD
 70
0
 62
9
420
16761035
  6
Continuous
370
9
390
F
  0
LAYER
  5
A7
100
AcDbSymbolTableRecord
100
AcDbLayerTableRecord
  2
CTRL-RAW
 70
0
 62
8
420
8421504
  6
DASHED
370
0
390
F
  0
LAYER
  5
A8
100
AcDbSymbolTableRecord
100
AcDbLayerTableRecord
  2
SECTION-WALLS-SURVEYED
 70
0
 62
7
420
16777215
  6
Continuous
370
50
390
F
  0
LAYER
  5
A9
100
AcDbSymbolTableRecord
100
AcDbLayerTableRecord
  2
PROFILE-DRIPLINE
 70
0
 62
140
420
49151
  6
NSS_DRIPLINE
370
9
390
F
  0
LAYER
  5
AA
100
AcDbSymbolTableRecord
100
AcDbLayerTableRecord
  2
WATER-DRIP-SEEP
 70
0
 62
140
420
49151
  6
Continuous
370
9
390
F
  0
LAYER
  5
AB
100
AcDbSymbolTableRecord
100
AcDbLayerTableRecord
  2
SECTION-SEDIMENT-CLAY-MUD
 70
0
 62
33
420
13468991
  6
Continuous
370
9
390
F
  0
LAYER
  5
AC
100
AcDbSymbolTableRecord
100
AcDbLayerTableRecord
  2
PROFILE-WATER-INTERMITTENT
 70
0
 62
140
420
49151
  6
NSS_WATER_INTERMITTENT
370
18
390
F
  0
LAYER
  5
AD
100
AcDbSymbolTableRecord
100
AcDbLayerTableRecord
  2
SECTION-NOTES-ELEVATION-LINE
 70
0
 62
8
420
8421504
  6
DASHED
370
9
390
F
  0
LAYER
  5
AE
100
AcDbSymbolTableRecord
100
AcDbLayerTableRecord
  2
SECTION-OVERHANG-LEDGE
 70
0
 62
6
420
16711935
  6
NSS_OVERHANG
370
35
390
F
  0
LAYER
  5
AF
100
AcDbSymbolTableRecord
100
AcDbLayerTableRecord
  2
SECTION-NOTES-ANNOTATION
 70
0
 62
7
420
16777215
  6
Continuous
370
18
390
F
  0
LAYER
  5
B0
100
AcDbSymbolTableRecord
100
AcDbLayerTableRecord
  2
CTRL-PROFILE-LRUD-WALL-LEFT
 70
0
 62
8
420
8421504
  6
DASHED
370
0
390
F
  0
LAYER
  5
B1
100
AcDbSymbolTableRecord
100
AcDbLayerTableRecord
  2
CTRL-CONTOUR-MAJOR
 70
0
 62
8
420
8421504
  6
Continuous
370
9
390
F
  0
LAYER
  5
B2
100
AcDbSymbolTableRecord
100
AcDbLayerTableRecord
  2
NOTES-NAME
 70
0
 62
7
420
16777215
  6
Continuous
370
18
390
F
  0
LAYER
  5
B3
100
AcDbSymbolTableRecord
100
AcDbLayerTableRecord
  2
PROFILE-NOTES-ANNOTATION
 70
0
 62
7
420
16777215
  6
Continuous
370
18
390
F
  0
LAYER
  5
B4
100
AcDbSymbolTableRecord
100
AcDbLayerTableRecord
  2
ANCHORS-BOLTS
 70
0
 62
4
420
65535
  6
Continuous
370
18
390
F
  0
LAYER
  5
B5
100
AcDbSymbolTableRecord
100
AcDbLayerTableRecord
  2
SECTION-FLOWSTONE
 70
0
 62
40
420
16766720
  6
Continuous
370
25
390
F
  0
LAYER
  5
B6
100
AcDbSymbolTableRecord
100
AcDbLayerTableRecord
  2
PROFILE-FORMATIONS-FLOWSTONE
 70
0
 62
40
420
16766720
  6
Continuous
370
18
390
F
  0
LAYER
  5
B7
100
AcDbSymbolTableRecord
100
AcDbLayerTableRecord
  2
WALL-GLYPHS
 70
0
 62
8
420
8421504
  6
Continuous
370
18
390
F
  0
LAYER
  5
B8
100
AcDbSymbolTableRecord
100
AcDbLayerTableRecord
  2
PROFILE-FLOWSTONE
 70
0
 62
40
420
16766720
  6
Continuous
370
25
390
F
  0
LAYER
  5
B9
100
AcDbSymbolTableRecord
100
AcDbLayerTableRecord
  2
PROFILE-CLIMBS-CHIMNEYS
 70
0
 62
4
420
65535
  6
NSS_CLIMB
370
18
390
F
  0
LAYER
  5
BA
100
AcDbSymbolTableRecord
100
AcDbLayerTableRecord
  2
PROFILE-NOTES-EQUIPMENT
 70
0
 62
4
420
65535
  6
Continuous
370
18
390
F
  0
LAYER
  5
BB
100
AcDbSymbolTableRecord
100
AcDbLayerTableRecord
  2
PROFILE-NOTES-ELEVATION
 70
0
 62
7
420
16777215
  6
Continuous
370
18
390
F
  0
LAYER
  5
BC
100
AcDbSymbolTableRecord
100
AcDbLayerTableRecord
  2
ENTRANCE
 70
0
 62
1
420
16711680
  6
Continuous
370
50
390
F
  0
LAYER
  5
BD
100
AcDbSymbolTableRecord
100
AcDbLayerTableRecord
  2
CTRL-SHAPE-SPINE
 70
0
 62
8
420
8421504
  6
DASHED
370
0
390
F
  0
LAYER
  5
BE
100
AcDbSymbolTableRecord
100
AcDbLayerTableRecord
  2
SECTION-PITS-DOMES
 70
0
 62
33
420
13468991
  6
Continuous
370
35
390
F
  0
LAYER
  5
BF
100
AcDbSymbolTableRecord
100
AcDbLayerTableRecord
  2
SECTION-BREAKDOWN
 70
0
 62
8
420
8421504
  6
Continuous
370
18
390
F
  0
LAYER
  5
C0
100
AcDbSymbolTableRecord
100
AcDbLayerTableRecord
  2
SECTION-WATER-PERENNIAL
 70
0
 62
140
420
49151
  6
Continuous
370
25
390
F
  0
LAYER
  5
C1
100
AcDbSymbolTableRecord
100
AcDbLayerTableRecord
  2
CTRL-PROFILE-OUTLINE
 70
0
 62
8
420
8421504
  6
Continuous
370
9
390
F
  0
LAYER
  5
C2
100
AcDbSymbolTableRecord
100
AcDbLayerTableRecord
  2
PROFILE-CEILING-HEIGHT
 70
0
 62
6
420
16711935
  6
NSS_DOTTED
370
18
390
F
  0
LAYER
  5
C3
100
AcDbSymbolTableRecord
100
AcDbLayerTableRecord
  2
CTRL-SECTION-SHOTS
 70
0
 62
8
420
8421504
  6
Continuous
370
9
390
F
  0
LAYER
  5
C4
100
AcDbSymbolTableRecord
100
AcDbLayerTableRecord
  2
SECTION-CEILING
 70
0
 62
6
420
16711935
  6
Continuous
370
50
390
F
  0
LAYER
  5
C5
100
AcDbSymbolTableRecord
100
AcDbLayerTableRecord
  2
WATER-INTERMITTENT
 70
0
 62
140
420
49151
  6
NSS_WATER_INTERMITTENT
370
18
390
F
  0
LAYER
  5
C6
100
AcDbSymbolTableRecord
100
AcDbLayerTableRecord
  2
CTRL-AREA-BOUNDARY
 70
0
 62
8
420
8421504
  6
DASHED
370
0
390
F
  0
LAYER
  5
C7
100
AcDbSymbolTableRecord
100
AcDbLayerTableRecord
  2
CTRL-OUTLINE
 70
0
 62
8
420
8421504
  6
Continuous
370
9
390
F
  0
LAYER
  5
C8
100
AcDbSymbolTableRecord
100
AcDbLayerTableRecord
  2
CTRL-TEXT-LABELS
 70
0
 62
1
420
16711680
  6
Continuous
370
0
390
F
  0
LAYER
  5
C9
100
AcDbSymbolTableRecord
100
AcDbLayerTableRecord
  2
PROFILE-ICE-SNOW
 70
0
 62
4
420
65535
  6
Continuous
370
18
390
F
  0
LAYER
  5
CA
100
AcDbSymbolTableRecord
100
AcDbLayerTableRecord
  2
CTRL-STATIONS
 70
0
 62
1
420
16711680
  6
Continuous
370
9
390
F
  0
LAYER
  5
CB
100
AcDbSymbolTableRecord
100
AcDbLayerTableRecord
  2
PROFILE-LEDGE-FLOOR
 70
0
 62
33
420
13468991
  6
Continuous
370
35
390
F
  0
LAYER
  5
CC
100
AcDbSymbolTableRecord
100
AcDbLayerTableRecord
  2
WALLS-SURVEYED
 70
0
 62
7
420
16777215
  6
Continuous
370
50
390
F
  0
LAYER
  5
CD
100
AcDbSymbolTableRecord
100
AcDbLayerTableRecord
  2
SECTION-NOTES-ELEVATION
 70
0
 62
7
420
16777215
  6
Continuous
370
18
390
F
  0
LAYER
  5
CE
100
AcDbSymbolTableRecord
100
AcDbLayerTableRecord
  2
NOTES-ANNOTATION
 70
0
 62
7
420
16777215
  6
Continuous
370
18
390
F
  0
LAYER
  5
CF
100
AcDbSymbolTableRecord
100
AcDbLayerTableRecord
  2
PROFILE-FORMATIONS-MOONMILK-POPCORN
 70
0
 62
40
420
16766720
  6
Continuous
370
9
390
F
  0
LAYER
  5
D0
100
AcDbSymbolTableRecord
100
AcDbLayerTableRecord
  2
PROFILE-FORMATIONS-RIMSTONE
 70
0
 62
40
420
16766720
  6
Continuous
370
18
390
F
  0
LAYER
  5
D1
100
AcDbSymbolTableRecord
100
AcDbLayerTableRecord
  2
LEDGE-CEILING
 70
0
 62
6
420
16711935
  6
DASHED
370
25
390
F
  0
LAYER
  5
D2
100
AcDbSymbolTableRecord
100
AcDbLayerTableRecord
  2
TEXT-LABELS
 70
0
 62
7
420
16777215
  6
Continuous
370
18
390
F
  0
LAYER
  5
D3
100
AcDbSymbolTableRecord
100
AcDbLayerTableRecord
  2
PROFILE-ARCHAEOLOGY
 70
0
 62
82
420
3329330
  6
Continuous
370
18
390
F
  0
LAYER
  5
D4
100
AcDbSymbolTableRecord
100
AcDbLayerTableRecord
  2
SECTION-DRIPLINE
 70
0
 62
140
420
49151
  6
NSS_DRIPLINE
370
9
390
F
  0
LAYER
  5
D5
100
AcDbSymbolTableRecord
100
AcDbLayerTableRecord
  2
SECTION-TEXT-LABELS
 70
0
 62
7
420
16777215
  6
Continuous
370
18
390
F
  0
LAYER
  5
D6
100
AcDbSymbolTableRecord
100
AcDbLayerTableRecord
  2
PROFILE-NOTES-HAZARD
 70
0
 62
1
420
16711680
  6
Continuous
370
25
390
F
  0
LAYER
  5
D7
100
AcDbSymbolTableRecord
100
AcDbLayerTableRecord
  2
LEDGE-FLOOR
 70
0
 62
33
420
13468991
  6
Continuous
370
35
390
F
  0
LAYER
  5
D8
100
AcDbSymbolTableRecord
100
AcDbLayerTableRecord
  2
CTRL-SECTION-TEXT-LABELS
 70
0
 62
1
420
16711680
  6
Continuous
370
0
390
F
  0
LAYER
  5
D9
100
AcDbSymbolTableRecord
100
AcDbLayerTableRecord
  2
CTRL-PROFILE-SHAPE-SPINE
 70
0
 62
8
420
8421504
  6
DASHED
370
0
390
F
  0
LAYER
  5
DA
100
AcDbSymbolTableRecord
100
AcDbLayerTableRecord
  2
NOTES-ELEVATION
 70
0
 62
7
420
16777215
  6
Continuous
370
18
390
F
  0
LAYER
  5
DB
100
AcDbSymbolTableRecord
100
AcDbLayerTableRecord
  2
NOTES-EQUIPMENT
 70
0
 62
4
420
65535
  6
Continuous
370
18
390
F
  0
LAYER
  5
DC
100
AcDbSymbolTableRecord
100
AcDbLayerTableRecord
  2
NOTES-DIG
 70
0
 62
9
420
16761035
  6
Continuous
370
18
390
F
  0
LAYER
  5
DD
100
AcDbSymbolTableRecord
100
AcDbLayerTableRecord
  2
SECTION-FORMATIONS-RIMSTONE
 70
0
 62
40
420
16766720
  6
Continuous
370
18
390
F
  0
LAYER
  5
DE
100
AcDbSymbolTableRecord
100
AcDbLayerTableRecord
  2
SECTION-WATER-POOL-SUMP
 70
0
 62
140
420
49151
  6
Continuous
370
18
390
F
  0
LAYER
  5
DF
100
AcDbSymbolTableRecord
100
AcDbLayerTableRecord
  2
CTRL-SECTION-SPLAYS
 70
0
 62
8
420
8421504
  6
Continuous
370
0
390
F
  0
LAYER
  5
E0
100
AcDbSymbolTableRecord
100
AcDbLayerTableRecord
  2
CTRL-PROFILE-STATIONS
 70
0
 62
1
420
16711680
  6
Continuous
370
9
390
F
  0
LAYER
  5
E1
100
AcDbSymbolTableRecord
100
AcDbLayerTableRecord
  2
SECTION-BIOLOGY
 70
0
 62
82
420
3329330
  6
Continuous
370
18
390
F
  0
LAYER
  5
E2
100
AcDbSymbolTableRecord
100
AcDbLayerTableRecord
  2
PROFILE-GEOLOGY-JOINTS-FRACTURES
 70
0
 62
183
420
6970061
  6
NSS_JOINT
370
9
390
F
  0
LAYER
  5
E3
100
AcDbSymbolTableRecord
100
AcDbLayerTableRecord
  2
PROFILE-ENTRANCE
 70
0
 62
1
420
16711680
  6
Continuous
370
50
390
F
  0
LAYER
  5
E4
100
AcDbSymbolTableRecord
100
AcDbLayerTableRecord
  2
SECTION-WATER-SPRING-RESURGENCE
 70
0
 62
140
420
49151
  6
Continuous
370
25
390
F
  0
LAYER
  5
E5
100
AcDbSymbolTableRecord
100
AcDbLayerTableRecord
  2
ICE-SNOW
 70
0
 62
4
420
65535
  6
Continuous
370
18
390
F
  0
LAYER
  5
E6
100
AcDbSymbolTableRecord
100
AcDbLayerTableRecord
  2
CTRL-SPLAYS
 70
0
 62
8
420
8421504
  6
Continuous
370
0
390
F
  0
LAYER
  5
E7
100
AcDbSymbolTableRecord
100
AcDbLayerTableRecord
  2
SECTION-FLOOR-SLOPE
 70
0
 62
33
420
13468991
  6
Continuous
370
9
390
F
  0
LAYER
  5
E8
100
AcDbSymbolTableRecord
100
AcDbLayerTableRecord
  2
WATER-SPRING-RESURGENCE
 70
0
 62
140
420
49151
  6
Continuous
370
25
390
F
  0
LAYER
  5
E9
100
AcDbSymbolTableRecord
100
AcDbLayerTableRecord
  2
PROFILE-WATER-PERENNIAL
 70
0
 62
140
420
49151
  6
Continuous
370
25
390
F
  0
LAYER
  5
EA
100
AcDbSymbolTableRecord
100
AcDbLayerTableRecord
  2
BIOLOGY
 70
0
 62
82
420
3329330
  6
Continuous
370
18
390
F
  0
LAYER
  5
EB
100
AcDbSymbolTableRecord
100
AcDbLayerTableRecord
  2
CTRL-SECTION-GHOST
 70
0
 62
8
420
8421504
  6
DASHED
370
0
390
F
  0
LAYER
  5
EC
100
AcDbSymbolTableRecord
100
AcDbLayerTableRecord
  2
CTRL-PROFILE-CEILING
 70
0
 62
8
420
8421504
  6
DASHED
370
0
390
F
  0
LAYER
  5
ED
100
AcDbSymbolTableRecord
100
AcDbLayerTableRecord
  2
PROFILE-RIMSTONE
 70
0
 62
40
420
16766720
  6
Continuous
370
25
390
F
  0
LAYER
  5
EE
100
AcDbSymbolTableRecord
100
AcDbLayerTableRecord
  2
CTRL-SHOTS
 70
0
 62
8
420
8421504
  6
Continuous
370
9
390
F
  0
LAYER
  5
EF
100
AcDbSymbolTableRecord
100
AcDbLayerTableRecord
  2
SECTION-NOTES-DIG
 70
0
 62
9
420
16761035
  6
Continuous
370
18
390
F
  0
LAYER
  5
F0
100
AcDbSymbolTableRecord
100
AcDbLayerTableRecord
  2
SECTION-NOTES-HAZARD
 70
0
 62
1
420
16711680
  6
Continuous
370
25
390
F
  0
LAYER
  5
F1
100
AcDbSymbolTableRecord
100
AcDbLayerTableRecord
  2
CTRL-HIDDEN
 70
1
 62
8
420
8421504
  6
Continuous
370
0
390
F
  0
LAYER
  5
F2
100
AcDbSymbolTableRecord
100
AcDbLayerTableRecord
  2
CTRL-PROFILE-TEXT-LABELS
 70
0
 62
1
420
16711680
  6
Continuous
370
0
390
F
  0
LAYER
  5
F3
100
AcDbSymbolTableRecord
100
AcDbLayerTableRecord
  2
CTRL-SECTION-SCAN
 70
0
 62
8
420
8421504
  6
Continuous
370
0
390
F
  0
LAYER
  5
F4
100
AcDbSymbolTableRecord
100
AcDbLayerTableRecord
  2
WATER-POOL-SUMP
 70
0
 62
140
420
49151
  6
Continuous
370
18
390
F
  0
LAYER
  5
F5
100
AcDbSymbolTableRecord
100
AcDbLayerTableRecord
  2
SECTION-TEXT-NOTES
 70
0
 62
8
420
8421504
  6
Continuous
370
9
390
F
  0
LAYER
  5
F6
100
AcDbSymbolTableRecord
100
AcDbLayerTableRecord
  2
PROFILE-WALLS-INFERRED
 70
0
 62
8
420
8421504
  6
NSS_INFERRED
370
35
390
F
  0
LAYER
  5
F7
100
AcDbSymbolTableRecord
100
AcDbLayerTableRecord
  2
PROFILE-SEDIMENT-CLAY-MUD
 70
0
 62
33
420
13468991
  6
Continuous
370
9
390
F
  0
LAYER
  5
F8
100
AcDbSymbolTableRecord
100
AcDbLayerTableRecord
  2
TITLE-BLOCK
 70
0
 62
7
420
16777215
  6
Continuous
370
25
390
F
  0
LAYER
  5
F9
100
AcDbSymbolTableRecord
100
AcDbLayerTableRecord
  2
SECTION-WATER-SIPHON
 70
0
 62
140
420
49151
  6
Continuous
370
25
390
F
  0
LAYER
  5
FA
100
AcDbSymbolTableRecord
100
AcDbLayerTableRecord
  2
SECTION-NOTES-NAME
 70
0
 62
7
420
16777215
  6
Continuous
370
18
390
F
  0
LAYER
  5
FB
100
AcDbSymbolTableRecord
100
AcDbLayerTableRecord
  2
NOTES-GENERAL
 70
0
 62
7
420
16777215
  6
Continuous
370
18
390
F
  0
LAYER
  5
FC
100
AcDbSymbolTableRecord
100
AcDbLayerTableRecord
  2
SLOPE
 70
0
 62
33
420
13468991
  6
Continuous
370
9
390
F
  0
LAYER
  5
FD
100
AcDbSymbolTableRecord
100
AcDbLayerTableRecord
  2
SECTION-RIMSTONE
 70
0
 62
40
420
16766720
  6
Continuous
370
25
390
F
  0
LAYER
  5
FE
100
AcDbSymbolTableRecord
100
AcDbLayerTableRecord
  2
LEGEND
 70
0
 62
7
420
16777215
  6
Continuous
370
18
390
F
  0
LAYER
  5
FF
100
AcDbSymbolTableRecord
100
AcDbLayerTableRecord
  2
CTRL-PROFILE-SHOTS
 70
0
 62
8
420
8421504
  6
Continuous
370
9
390
F
  0
LAYER
  5
100
100
AcDbSymbolTableRecord
100
AcDbLayerTableRecord
  2
CTRL-CLOSURE
 70
0
 62
6
420
16711935
  6
Continuous
370
18
390
F
  0
LAYER
  5
101
100
AcDbSymbolTableRecord
100
AcDbLayerTableRecord
  2
CTRL-PROFILE-SPLAYS
 70
0
 62
8
420
8421504
  6
Continuous
370
0
390
F
  0
LAYER
  5
102
100
AcDbSymbolTableRecord
100
AcDbLayerTableRecord
  2
CTRL-SECTION-OUTLINE
 70
0
 62
8
420
8421504
  6
Continuous
370
9
390
F
  0
LAYER
  5
103
100
AcDbSymbolTableRecord
100
AcDbLayerTableRecord
  2
SECTION-WATER-FLOW-ARROWS
 70
0
 62
140
420
49151
  6
Continuous
370
18
390
F
  0
LAYER
  5
104
100
AcDbSymbolTableRecord
100
AcDbLayerTableRecord
  2
BREAKDOWN
 70
0
 62
8
420
8421504
  6
Continuous
370
18
390
F
  0
LAYER
  5
105
100
AcDbSymbolTableRecord
100
AcDbLayerTableRecord
  2
CTRL-SCAN
 70
0
 62
8
420
8421504
  6
Continuous
370
0
390
F
  0
LAYER
  5
106
100
AcDbSymbolTableRecord
100
AcDbLayerTableRecord
  2
FORMATIONS-DRAPERY
 70
0
 62
40
420
16766720
  6
Continuous
370
18
390
F
  0
LAYER
  5
107
100
AcDbSymbolTableRecord
100
AcDbLayerTableRecord
  2
GUANO
 70
0
 62
82
420
3329330
  6
Continuous
370
9
390
F
  0
LAYER
  5
108
100
AcDbSymbolTableRecord
100
AcDbLayerTableRecord
  2
DRIPLINE
 70
0
 62
140
420
49151
  6
NSS_DRIPLINE
370
9
390
F
  0
LAYER
  5
109
100
AcDbSymbolTableRecord
100
AcDbLayerTableRecord
  2
SECTION-ENTRANCE
 70
0
 62
1
420
16711680
  6
Continuous
370
50
390
F
  0
LAYER
  5
10A
100
AcDbSymbolTableRecord
100
AcDbLayerTableRecord
  2
CTRL-BOX
 70
0
 62
8
420
8421504
  6
Continuous
370
0
390
F
  0
LAYER
  5
10B
100
AcDbSymbolTableRecord
100
AcDbLayerTableRecord
  2
PROFILE-NOTES-NAME
 70
0
 62
7
420
16777215
  6
Continuous
370
18
390
F
  0
LAYER
  5
10C
100
AcDbSymbolTableRecord
100
AcDbLayerTableRecord
  2
CEILING
 70
0
 62
6
420
16711935
  6
Continuous
370
50
390
F
  0
LAYER
  5
10D
100
AcDbSymbolTableRecord
100
AcDbLayerTableRecord
  2
SCALE-BAR
 70
0
 62
7
420
16777215
  6
Continuous
370
25
390
F
  0
LAYER
  5
10E
100
AcDbSymbolTableRecord
100
AcDbLayerTableRecord
  2
BREAKDOWN-BOUNDARY
 70
0
 62
8
420
8421504
  6
NSS_DOTTED
370
9
390
F
  0
LAYER
  5
10F
100
AcDbSymbolTableRecord
100
AcDbLayerTableRecord
  2
PROFILE-WATER-POOL-SUMP
 70
0
 62
140
420
49151
  6
Continuous
370
18
390
F
  0
LAYER
  5
110
100
AcDbSymbolTableRecord
100
AcDbLayerTableRecord
  2
SECTION-SLOPE
 70
0
 62
33
420
13468991
  6
Continuous
370
9
390
F
  0
LAYER
  5
111
100
AcDbSymbolTableRecord
100
AcDbLayerTableRecord
  2
PITS-DOMES
 70
0
 62
33
420
13468991
  6
Continuous
370
35
390
F
  0
LAYER
  5
112
100
AcDbSymbolTableRecord
100
AcDbLayerTableRecord
  2
CTRL-CEILING
 70
0
 62
8
420
8421504
  6
DASHED
370
0
390
F
  0
LAYER
  5
113
100
AcDbSymbolTableRecord
100
AcDbLayerTableRecord
  2
SECTION-ARCHAEOLOGY
 70
0
 62
82
420
3329330
  6
Continuous
370
18
390
F
  0
LAYER
  5
114
100
AcDbSymbolTableRecord
100
AcDbLayerTableRecord
  2
CTRL-SECTION-STATION-LABELS
 70
0
 62
1
420
16711680
  6
Continuous
370
0
390
F
  0
LAYER
  5
115
100
AcDbSymbolTableRecord
100
AcDbLayerTableRecord
  2
PROFILE-FORMATIONS-DRIP
 70
0
 62
40
420
16766720
  6
Continuous
370
18
390
F
  0
LAYER
  5
116
100
AcDbSymbolTableRecord
100
AcDbLayerTableRecord
  2
Defpoints
 70
0
 62
7
420
16777215
  6
Continuous
290
0
370
-3
390
F
  0
LAYER
  5
117
100
AcDbSymbolTableRecord
100
AcDbLayerTableRecord
  2
WATER-PERENNIAL
 70
0
 62
140
420
49151
  6
Continuous
370
25
390
F
  0
LAYER
  5
118
100
AcDbSymbolTableRecord
100
AcDbLayerTableRecord
  2
GEOLOGY-JOINTS-FRACTURES
 70
0
 62
183
420
6970061
  6
NSS_JOINT
370
9
390
F
  0
LAYER
  5
119
100
AcDbSymbolTableRecord
100
AcDbLayerTableRecord
  2
CTRL-LRUD-WALL-RIGHT
 70
0
 62
8
420
8421504
  6
DASHED
370
0
390
F
  0
LAYER
  5
10
100
AcDbSymbolTableRecord
100
AcDbLayerTableRecord
  2
0
 70
0
 62
7
420
16777215
  6
Continuous
370
-3
390
F
  0
LAYER
  5
11A
100
AcDbSymbolTableRecord
100
AcDbLayerTableRecord
  2
SEDIMENT-SAND-GRAVEL
 70
0
 62
33
420
13468991
  6
Continuous
370
9
390
F
  0
LAYER
  5
11B
100
AcDbSymbolTableRecord
100
AcDbLayerTableRecord
  2
TEXT-NOTES
 70
0
 62
8
420
8421504
  6
Continuous
370
9
390
F
  0
LAYER
  5
11C
100
AcDbSymbolTableRecord
100
AcDbLayerTableRecord
  2
SECTION-LEDGE-CEILING
 70
0
 62
6
420
16711935
  6
DASHED
370
25
390
F
  0
LAYER
  5
11D
100
AcDbSymbolTableRecord
100
AcDbLayerTableRecord
  2
PROFILE-GUANO
 70
0
 62
82
420
3329330
  6
Continuous
370
9
390
F
  0
LAYER
  5
11E
100
AcDbSymbolTableRecord
100
AcDbLayerTableRecord
  2
CTRL-SECTION-LRUD-WALL-RIGHT
 70
0
 62
8
420
8421504
  6
DASHED
370
0
390
F
  0
LAYER
  5
11F
100
AcDbSymbolTableRecord
100
AcDbLayerTableRecord
  2
CTRL-SECTION-FLOOR
 70
0
 62
8
420
8421504
  6
DASHED
370
0
390
F
  0
LAYER
  5
120
100
AcDbSymbolTableRecord
100
AcDbLayerTableRecord
  2
SECTION-LEDGE-FLOOR
 70
0
 62
33
420
13468991
  6
Continuous
370
35
390
F
  0
LAYER
  5
121
100
AcDbSymbolTableRecord
100
AcDbLayerTableRecord
  2
FLOWSTONE
 70
0
 62
40
420
16766720
  6
Continuous
370
25
390
F
  0
LAYER
  5
122
100
AcDbSymbolTableRecord
100
AcDbLayerTableRecord
  2
PROFILE-NOTES-ELEVATION-LINE
 70
0
 62
8
420
8421504
  6
DASHED
370
9
390
F
  0
LAYER
  5
123
100
AcDbSymbolTableRecord
100
AcDbLayerTableRecord
  2
CTRL-CONTOUR
 70
0
 62
8
420
8421504
  6
Continuous
370
0
390
F
  0
LAYER
  5
124
100
AcDbSymbolTableRecord
100
AcDbLayerTableRecord
  2
SECTION-GUANO
 70
0
 62
82
420
3329330
  6
Continuous
370
9
390
F
  0
LAYER
  5
125
100
AcDbSymbolTableRecord
100
AcDbLayerTableRecord
  2
SECTION-FLOOR
 70
0
 62
33
420
13468991
  6
Continuous
370
50
390
F
  0
LAYER
  5
126
100
AcDbSymbolTableRecord
100
AcDbLayerTableRecord
  2
CTRL-PROFILE-SCAN
 70
0
 62
8
420
8421504
  6
Continuous
370
0
390
F
  0
LAYER
  5
127
100
AcDbSymbolTableRecord
100
AcDbLayerTableRecord
  2
CTRL-LRUD-WALL-LEFT
 70
0
 62
8
420
8421504
  6
DASHED
370
0
390
F
  0
LAYER
  5
128
100
AcDbSymbolTableRecord
100
AcDbLayerTableRecord
  2
FLOOR
 70
0
 62
33
420
13468991
  6
Continuous
370
50
390
F
  0
LAYER
  5
129
100
AcDbSymbolTableRecord
100
AcDbLayerTableRecord
  2
PROFILE-WALLS-SURVEYED
 70
0
 62
7
420
16777215
  6
Continuous
370
50
390
F
  0
LAYER
  5
12A
100
AcDbSymbolTableRecord
100
AcDbLayerTableRecord
  2
CTRL-AERIAL
 70
0
 62
8
420
8421504
  6
Continuous
370
0
390
F
  0
LAYER
  5
12B
100
AcDbSymbolTableRecord
100
AcDbLayerTableRecord
  2
PROFILE-BREAKDOWN
 70
0
 62
8
420
8421504
  6
Continuous
370
18
390
F
  0
LAYER
  5
12C
100
AcDbSymbolTableRecord
100
AcDbLayerTableRecord
  2
PROFILE-BIOLOGY
 70
0
 62
82
420
3329330
  6
Continuous
370
18
390
F
  0
LAYER
  5
12D
100
AcDbSymbolTableRecord
100
AcDbLayerTableRecord
  2
NOTES-HAZARD
 70
0
 62
1
420
16711680
  6
Continuous
370
25
390
F
  0
LAYER
  5
12E
100
AcDbSymbolTableRecord
100
AcDbLayerTableRecord
  2
SECTION-CLIMBS-CHIMNEYS
 70
0
 62
4
420
65535
  6
NSS_CLIMB
370
18
390
F
  0
LAYER
  5
12F
100
AcDbSymbolTableRecord
100
AcDbLayerTableRecord
  2
SECTION-NOTES-EQUIPMENT
 70
0
 62
4
420
65535
  6
Continuous
370
18
390
F
  0
LAYER
  5
130
100
AcDbSymbolTableRecord
100
AcDbLayerTableRecord
  2
SECTION-GEOLOGY-JOINTS-FRACTURES
 70
0
 62
183
420
6970061
  6
NSS_JOINT
370
9
390
F
  0
LAYER
  5
131
100
AcDbSymbolTableRecord
100
AcDbLayerTableRecord
  2
CTRL-SECTION-AREA-BOUNDARY
 70
0
 62
8
420
8421504
  6
DASHED
370
0
390
F
  0
LAYER
  5
132
100
AcDbSymbolTableRecord
100
AcDbLayerTableRecord
  2
FORMATIONS-MOONMILK-POPCORN
 70
0
 62
40
420
16766720
  6
Continuous
370
9
390
F
  0
LAYER
  5
133
100
AcDbSymbolTableRecord
100
AcDbLayerTableRecord
  2
PROFILE-TEXT-NOTES
 70
0
 62
8
420
8421504
  6
Continuous
370
9
390
F
  0
LAYER
  5
134
100
AcDbSymbolTableRecord
100
AcDbLayerTableRecord
  2
ARCHAEOLOGY
 70
0
 62
82
420
3329330
  6
Continuous
370
18
390
F
  0
LAYER
  5
135
100
AcDbSymbolTableRecord
100
AcDbLayerTableRecord
  2
CTRL-PROFILE-LRUD
 70
0
 62
9
420
16761035
  6
Continuous
370
9
390
F
  0
LAYER
  5
136
100
AcDbSymbolTableRecord
100
AcDbLayerTableRecord
  2
WATER-SIPHON
 70
0
 62
140
420
49151
  6
Continuous
370
25
390
F
  0
LAYER
  5
137
100
AcDbSymbolTableRecord
100
AcDbLayerTableRecord
  2
PROFILE-OVERHANG-LEDGE
 70
0
 62
6
420
16711935
  6
NSS_OVERHANG
370
35
390
F
  0
LAYER
  5
138
100
AcDbSymbolTableRecord
100
AcDbLayerTableRecord
  2
WALLS-INFERRED
 70
0
 62
8
420
8421504
  6
NSS_INFERRED
370
35
390
F
  0
LAYER
  5
139
100
AcDbSymbolTableRecord
100
AcDbLayerTableRecord
  2
CTRL-PROFILE-STATION-LABELS
 70
0
 62
1
420
16711680
  6
Continuous
370
0
390
F
  0
ENDTAB
  0
TABLE
  2
STYLE
  5
3
100
AcDbSymbolTable
 70
118
  0
STYLE
  5
13A
100
AcDbSymbolTableRecord
100
AcDbTextStyleTableRecord
  2
Standard
 70
0
 40
0.0
 41
1.0
 50
0.0
 71
0
 42
2.5
  3

  4

1001
ACAD
1000
txt
1071
0
  0
STYLE
  5
13B
100
AcDbSymbolTableRecord
100
AcDbTextStyleTableRecord
  2
textstyle0
 70
0
 40
0.0
 41
1.0
 50
0.0
 71
0
 42
0.5
  3

  4

1001
ACAD
1000
Standard
1071
0
  0
STYLE
  5
13C
100
AcDbSymbolTableRecord
100
AcDbTextStyleTableRecord
  2
textstyle1
 70
0
 40
0.0
 41
1.0
 50
0.0
 71
0
 42
0.11
  3

  4

1001
ACAD
1000
Standard
1071
0
  0
STYLE
  5
13D
100
AcDbSymbolTableRecord
100
AcDbTextStyleTableRecord
  2
textstyle2
 70
0
 40
0.0
 41
1.0
 50
0.0
 71
0
 42
0.11
  3

  4

1001
ACAD
1000
Standard
1071
0
  0
STYLE
  5
13E
100
AcDbSymbolTableRecord
100
AcDbTextStyleTableRecord
  2
textstyle3
 70
0
 40
0.0
 41
1.0
 50
0.0
 71
0
 42
0.5
  3

  4

1001
ACAD
1000
Standard
1071
0
  0
STYLE
  5
13F
100
AcDbSymbolTableRecord
100
AcDbTextStyleTableRecord
  2
textstyle4
 70
0
 40
0.0
 41
1.0
 50
0.0
 71
0
 42
0.5
  3

  4

1001
ACAD
1000
Standard
1071
0
  0
STYLE
  5
140
100
AcDbSymbolTableRecord
100
AcDbTextStyleTableRecord
  2
textstyle5
 70
0
 40
0.0
 41
1.0
 50
0.0
 71
0
 42
0.11
  3

  4

1001
ACAD
1000
Standard
1071
0
  0
STYLE
  5
141
100
AcDbSymbolTableRecord
100
AcDbTextStyleTableRecord
  2
textstyle6
 70
0
 40
0.0
 41
1.0
 50
0.0
 71
0
 42
0.5
  3

  4

1001
ACAD
1000
Standard
1071
0
  0
STYLE
  5
142
100
AcDbSymbolTableRecord
100
AcDbTextStyleTableRecord
  2
textstyle7
 70
0
 40
0.0
 41
1.0
 50
0.0
 71
0
 42
0.11
  3

  4

1001
ACAD
1000
Standard
1071
0
  0
STYLE
  5
143
100
AcDbSymbolTableRecord
100
AcDbTextStyleTableRecord
  2
textstyle8
 70
0
 40
0.0
 41
1.0
 50
0.0
 71
0
 42
0.11
  3

  4

1001
ACAD
1000
Standard
1071
0
  0
STYLE
  5
144
100
AcDbSymbolTableRecord
100
AcDbTextStyleTableRecord
  2
textstyle9
 70
0
 40
0.0
 41
1.0
 50
0.0
 71
0
 42
0.14
  3

  4

1001
ACAD
1000
Standard
1071
0
  0
STYLE
  5
145
100
AcDbSymbolTableRecord
100
AcDbTextStyleTableRecord
  2
textstyle10
 70
0
 40
0.0
 41
1.0
 50
0.0
 71
0
 42
0.14
  3

  4

1001
ACAD
1000
Standard
1071
0
  0
STYLE
  5
146
100
AcDbSymbolTableRecord
100
AcDbTextStyleTableRecord
  2
textstyle11
 70
0
 40
0.0
 41
1.0
 50
0.0
 71
0
 42
0.11
  3

  4

1001
ACAD
1000
Standard
1071
0
  0
STYLE
  5
147
100
AcDbSymbolTableRecord
100
AcDbTextStyleTableRecord
  2
textstyle12
 70
0
 40
0.0
 41
1.0
 50
0.0
 71
0
 42
0.5
  3

  4

1001
ACAD
1000
Standard
1071
0
  0
STYLE
  5
148
100
AcDbSymbolTableRecord
100
AcDbTextStyleTableRecord
  2
textstyle13
 70
0
 40
0.0
 41
1.0
 50
0.0
 71
0
 42
0.14
  3

  4

1001
ACAD
1000
Standard
1071
0
  0
STYLE
  5
149
100
AcDbSymbolTableRecord
100
AcDbTextStyleTableRecord
  2
textstyle14
 70
0
 40
0.0
 41
1.0
 50
0.0
 71
0
 42
0.5
  3

  4

1001
ACAD
1000
Standard
1071
0
  0
STYLE
  5
14A
100
AcDbSymbolTableRecord
100
AcDbTextStyleTableRecord
  2
textstyle15
 70
0
 40
0.0
 41
1.0
 50
0.0
 71
0
 42
0.11
  3

  4

1001
ACAD
1000
Standard
1071
0
  0
STYLE
  5
14B
100
AcDbSymbolTableRecord
100
AcDbTextStyleTableRecord
  2
textstyle16
 70
0
 40
0.0
 41
1.0
 50
0.0
 71
0
 42
0.11
  3

  4

1001
ACAD
1000
Standard
1071
0
  0
STYLE
  5
14C
100
AcDbSymbolTableRecord
100
AcDbTextStyleTableRecord
  2
textstyle17
 70
0
 40
0.0
 41
1.0
 50
0.0
 71
0
 42
0.5
  3

  4

1001
ACAD
1000
Standard
1071
0
  0
STYLE
  5
14D
100
AcDbSymbolTableRecord
100
AcDbTextStyleTableRecord
  2
textstyle18
 70
0
 40
0.0
 41
1.0
 50
0.0
 71
0
 42
0.11
  3

  4

1001
ACAD
1000
Standard
1071
0
  0
STYLE
  5
14E
100
AcDbSymbolTableRecord
100
AcDbTextStyleTableRecord
  2
textstyle19
 70
0
 40
0.0
 41
1.0
 50
0.0
 71
0
 42
0.14
  3

  4

1001
ACAD
1000
Standard
1071
0
  0
STYLE
  5
14F
100
AcDbSymbolTableRecord
100
AcDbTextStyleTableRecord
  2
textstyle20
 70
0
 40
0.0
 41
1.0
 50
0.0
 71
0
 42
0.11
  3

  4

1001
ACAD
1000
Standard
1071
0
  0
STYLE
  5
150
100
AcDbSymbolTableRecord
100
AcDbTextStyleTableRecord
  2
textstyle21
 70
0
 40
0.0
 41
1.0
 50
0.0
 71
0
 42
0.5
  3

  4

1001
ACAD
1000
Standard
1071
0
  0
STYLE
  5
151
100
AcDbSymbolTableRecord
100
AcDbTextStyleTableRecord
  2
textstyle22
 70
0
 40
0.0
 41
1.0
 50
0.0
 71
0
 42
0.11
  3

  4

1001
ACAD
1000
Standard
1071
0
  0
STYLE
  5
152
100
AcDbSymbolTableRecord
100
AcDbTextStyleTableRecord
  2
textstyle23
 70
0
 40
0.0
 41
1.0
 50
0.0
 71
0
 42
0.5
  3

  4

1001
ACAD
1000
Standard
1071
0
  0
STYLE
  5
153
100
AcDbSymbolTableRecord
100
AcDbTextStyleTableRecord
  2
textstyle24
 70
0
 40
0.0
 41
1.0
 50
0.0
 71
0
 42
0.5
  3

  4

1001
ACAD
1000
Standard
1071
0
  0
STYLE
  5
154
100
AcDbSymbolTableRecord
100
AcDbTextStyleTableRecord
  2
textstyle25
 70
0
 40
0.0
 41
1.0
 50
0.0
 71
0
 42
0.13
  3

  4

1001
ACAD
1000
Standard
1071
0
  0
STYLE
  5
155
100
AcDbSymbolTableRecord
100
AcDbTextStyleTableRecord
  2
textstyle26
 70
0
 40
0.0
 41
1.0
 50
0.0
 71
0
 42
0.14
  3

  4

1001
ACAD
1000
Standard
1071
0
  0
STYLE
  5
156
100
AcDbSymbolTableRecord
100
AcDbTextStyleTableRecord
  2
textstyle27
 70
0
 40
0.0
 41
1.0
 50
0.0
 71
0
 42
0.11
  3

  4

1001
ACAD
1000
Standard
1071
0
  0
STYLE
  5
157
100
AcDbSymbolTableRecord
100
AcDbTextStyleTableRecord
  2
textstyle28
 70
0
 40
0.0
 41
1.0
 50
0.0
 71
0
 42
0.11
  3

  4

1001
ACAD
1000
Standard
1071
0
  0
STYLE
  5
158
100
AcDbSymbolTableRecord
100
AcDbTextStyleTableRecord
  2
textstyle29
 70
0
 40
0.0
 41
1.0
 50
0.0
 71
0
 42
0.5
  3

  4

1001
ACAD
1000
Standard
1071
0
  0
STYLE
  5
159
100
AcDbSymbolTableRecord
100
AcDbTextStyleTableRecord
  2
textstyle30
 70
0
 40
0.0
 41
1.0
 50
0.0
 71
0
 42
0.5
  3

  4

1001
ACAD
1000
Standard
1071
0
  0
STYLE
  5
15A
100
AcDbSymbolTableRecord
100
AcDbTextStyleTableRecord
  2
textstyle31
 70
0
 40
0.0
 41
1.0
 50
0.0
 71
0
 42
0.5
  3

  4

1001
ACAD
1000
Standard
1071
0
  0
STYLE
  5
15B
100
AcDbSymbolTableRecord
100
AcDbTextStyleTableRecord
  2
textstyle32
 70
0
 40
0.0
 41
1.0
 50
0.0
 71
0
 42
0.5
  3

  4

1001
ACAD
1000
Standard
1071
0
  0
STYLE
  5
15C
100
AcDbSymbolTableRecord
100
AcDbTextStyleTableRecord
  2
textstyle33
 70
0
 40
0.0
 41
1.0
 50
0.0
 71
0
 42
0.11
  3

  4

1001
ACAD
1000
Standard
1071
0
  0
STYLE
  5
15D
100
AcDbSymbolTableRecord
100
AcDbTextStyleTableRecord
  2
textstyle34
 70
0
 40
0.0
 41
1.0
 50
0.0
 71
0
 42
0.11
  3

  4

1001
ACAD
1000
Standard
1071
0
  0
STYLE
  5
15E
100
AcDbSymbolTableRecord
100
AcDbTextStyleTableRecord
  2
textstyle35
 70
0
 40
0.0
 41
1.0
 50
0.0
 71
0
 42
0.14
  3

  4

1001
ACAD
1000
Standard
1071
0
  0
STYLE
  5
15F
100
AcDbSymbolTableRecord
100
AcDbTextStyleTableRecord
  2
textstyle36
 70
0
 40
0.0
 41
1.0
 50
0.0
 71
0
 42
0.5
  3

  4

1001
ACAD
1000
Standard
1071
0
  0
STYLE
  5
160
100
AcDbSymbolTableRecord
100
AcDbTextStyleTableRecord
  2
textstyle37
 70
0
 40
0.0
 41
1.0
 50
0.0
 71
0
 42
0.14
  3

  4

1001
ACAD
1000
Standard
1071
0
  0
STYLE
  5
161
100
AcDbSymbolTableRecord
100
AcDbTextStyleTableRecord
  2
textstyle38
 70
0
 40
0.0
 41
1.0
 50
0.0
 71
0
 42
0.11
  3

  4

1001
ACAD
1000
Standard
1071
0
  0
STYLE
  5
162
100
AcDbSymbolTableRecord
100
AcDbTextStyleTableRecord
  2
textstyle39
 70
0
 40
0.0
 41
1.0
 50
0.0
 71
0
 42
0.5
  3

  4

1001
ACAD
1000
Standard
1071
0
  0
STYLE
  5
163
100
AcDbSymbolTableRecord
100
AcDbTextStyleTableRecord
  2
textstyle40
 70
0
 40
0.0
 41
1.0
 50
0.0
 71
0
 42
0.11
  3

  4

1001
ACAD
1000
Standard
1071
0
  0
STYLE
  5
164
100
AcDbSymbolTableRecord
100
AcDbTextStyleTableRecord
  2
textstyle41
 70
0
 40
0.0
 41
1.0
 50
0.0
 71
0
 42
0.11
  3

  4

1001
ACAD
1000
Standard
1071
0
  0
STYLE
  5
165
100
AcDbSymbolTableRecord
100
AcDbTextStyleTableRecord
  2
textstyle42
 70
0
 40
0.0
 41
1.0
 50
0.0
 71
0
 42
0.14
  3

  4

1001
ACAD
1000
Standard
1071
0
  0
STYLE
  5
166
100
AcDbSymbolTableRecord
100
AcDbTextStyleTableRecord
  2
textstyle43
 70
0
 40
0.0
 41
1.0
 50
0.0
 71
0
 42
0.11
  3

  4

1001
ACAD
1000
Standard
1071
0
  0
STYLE
  5
167
100
AcDbSymbolTableRecord
100
AcDbTextStyleTableRecord
  2
textstyle44
 70
0
 40
0.0
 41
1.0
 50
0.0
 71
0
 42
0.42
  3

  4

1001
ACAD
1000
Standard
1071
0
  0
STYLE
  5
168
100
AcDbSymbolTableRecord
100
AcDbTextStyleTableRecord
  2
textstyle45
 70
0
 40
0.0
 41
1.0
 50
0.0
 71
0
 42
0.11
  3

  4

1001
ACAD
1000
Standard
1071
0
  0
STYLE
  5
169
100
AcDbSymbolTableRecord
100
AcDbTextStyleTableRecord
  2
textstyle46
 70
0
 40
0.0
 41
1.0
 50
0.0
 71
0
 42
0.5
  3

  4

1001
ACAD
1000
Standard
1071
0
  0
STYLE
  5
16A
100
AcDbSymbolTableRecord
100
AcDbTextStyleTableRecord
  2
textstyle47
 70
0
 40
0.0
 41
1.0
 50
0.0
 71
0
 42
0.11
  3

  4

1001
ACAD
1000
Standard
1071
0
  0
STYLE
  5
16B
100
AcDbSymbolTableRecord
100
AcDbTextStyleTableRecord
  2
textstyle48
 70
0
 40
0.0
 41
1.0
 50
0.0
 71
0
 42
0.5
  3

  4

1001
ACAD
1000
Standard
1071
0
  0
STYLE
  5
16C
100
AcDbSymbolTableRecord
100
AcDbTextStyleTableRecord
  2
textstyle49
 70
0
 40
0.0
 41
1.0
 50
0.0
 71
0
 42
0.11
  3

  4

1001
ACAD
1000
Standard
1071
0
  0
STYLE
  5
16D
100
AcDbSymbolTableRecord
100
AcDbTextStyleTableRecord
  2
textstyle50
 70
0
 40
0.0
 41
1.0
 50
0.0
 71
0
 42
0.11
  3

  4

1001
ACAD
1000
Standard
1071
0
  0
STYLE
  5
16E
100
AcDbSymbolTableRecord
100
AcDbTextStyleTableRecord
  2
textstyle51
 70
0
 40
0.0
 41
1.0
 50
0.0
 71
0
 42
0.11
  3

  4

1001
ACAD
1000
Standard
1071
0
  0
STYLE
  5
16F
100
AcDbSymbolTableRecord
100
AcDbTextStyleTableRecord
  2
textstyle52
 70
0
 40
0.0
 41
1.0
 50
0.0
 71
0
 42
0.11
  3

  4

1001
ACAD
1000
Standard
1071
0
  0
STYLE
  5
170
100
AcDbSymbolTableRecord
100
AcDbTextStyleTableRecord
  2
textstyle53
 70
0
 40
0.0
 41
1.0
 50
0.0
 71
0
 42
0.11
  3

  4

1001
ACAD
1000
Standard
1071
0
  0
STYLE
  5
171
100
AcDbSymbolTableRecord
100
AcDbTextStyleTableRecord
  2
textstyle54
 70
0
 40
0.0
 41
1.0
 50
0.0
 71
0
 42
0.11
  3

  4

1001
ACAD
1000
Standard
1071
0
  0
STYLE
  5
172
100
AcDbSymbolTableRecord
100
AcDbTextStyleTableRecord
  2
textstyle55
 70
0
 40
0.0
 41
1.0
 50
0.0
 71
0
 42
0.5
  3

  4

1001
ACAD
1000
Standard
1071
0
  0
STYLE
  5
173
100
AcDbSymbolTableRecord
100
AcDbTextStyleTableRecord
  2
textstyle56
 70
0
 40
0.0
 41
1.0
 50
0.0
 71
0
 42
0.5
  3

  4

1001
ACAD
1000
Standard
1071
0
  0
STYLE
  5
174
100
AcDbSymbolTableRecord
100
AcDbTextStyleTableRecord
  2
textstyle57
 70
0
 40
0.0
 41
1.0
 50
0.0
 71
0
 42
0.11
  3

  4

1001
ACAD
1000
Standard
1071
0
  0
STYLE
  5
175
100
AcDbSymbolTableRecord
100
AcDbTextStyleTableRecord
  2
textstyle58
 70
0
 40
0.0
 41
1.0
 50
0.0
 71
0
 42
0.11
  3

  4

1001
ACAD
1000
Standard
1071
0
  0
STYLE
  5
176
100
AcDbSymbolTableRecord
100
AcDbTextStyleTableRecord
  2
textstyle59
 70
0
 40
0.0
 41
1.0
 50
0.0
 71
0
 42
0.5
  3

  4

1001
ACAD
1000
Standard
1071
0
  0
STYLE
  5
177
100
AcDbSymbolTableRecord
100
AcDbTextStyleTableRecord
  2
textstyle60
 70
0
 40
0.0
 41
1.0
 50
0.0
 71
0
 42
0.11
  3

  4

1001
ACAD
1000
Standard
1071
0
  0
STYLE
  5
178
100
AcDbSymbolTableRecord
100
AcDbTextStyleTableRecord
  2
textstyle61
 70
0
 40
0.0
 41
1.0
 50
0.0
 71
0
 42
0.6
  3

  4

1001
ACAD
1000
Standard
1071
0
  0
STYLE
  5
179
100
AcDbSymbolTableRecord
100
AcDbTextStyleTableRecord
  2
textstyle62
 70
0
 40
0.0
 41
1.0
 50
0.0
 71
0
 42
0.11
  3

  4

1001
ACAD
1000
Standard
1071
0
  0
STYLE
  5
17A
100
AcDbSymbolTableRecord
100
AcDbTextStyleTableRecord
  2
textstyle63
 70
0
 40
0.0
 41
1.0
 50
0.0
 71
0
 42
0.11
  3

  4

1001
ACAD
1000
Standard
1071
0
  0
STYLE
  5
17B
100
AcDbSymbolTableRecord
100
AcDbTextStyleTableRecord
  2
textstyle64
 70
0
 40
0.0
 41
1.0
 50
0.0
 71
0
 42
0.5
  3

  4

1001
ACAD
1000
Standard
1071
0
  0
STYLE
  5
17C
100
AcDbSymbolTableRecord
100
AcDbTextStyleTableRecord
  2
textstyle65
 70
0
 40
0.0
 41
1.0
 50
0.0
 71
0
 42
0.5
  3

  4

1001
ACAD
1000
Standard
1071
0
  0
STYLE
  5
17D
100
AcDbSymbolTableRecord
100
AcDbTextStyleTableRecord
  2
textstyle66
 70
0
 40
0.0
 41
1.0
 50
0.0
 71
0
 42
0.14
  3

  4

1001
ACAD
1000
Standard
1071
0
  0
STYLE
  5
17E
100
AcDbSymbolTableRecord
100
AcDbTextStyleTableRecord
  2
textstyle67
 70
0
 40
0.0
 41
1.0
 50
0.0
 71
0
 42
0.4
  3

  4

1001
ACAD
1000
Standard
1071
0
  0
STYLE
  5
17F
100
AcDbSymbolTableRecord
100
AcDbTextStyleTableRecord
  2
textstyle68
 70
0
 40
0.0
 41
1.0
 50
0.0
 71
0
 42
0.11
  3

  4

1001
ACAD
1000
Standard
1071
0
  0
STYLE
  5
180
100
AcDbSymbolTableRecord
100
AcDbTextStyleTableRecord
  2
textstyle69
 70
0
 40
0.0
 41
1.0
 50
0.0
 71
0
 42
0.11
  3

  4

1001
ACAD
1000
Standard
1071
0
  0
STYLE
  5
181
100
AcDbSymbolTableRecord
100
AcDbTextStyleTableRecord
  2
textstyle70
 70
0
 40
0.0
 41
1.0
 50
0.0
 71
0
 42
0.14
  3

  4

1001
ACAD
1000
Standard
1071
0
  0
STYLE
  5
182
100
AcDbSymbolTableRecord
100
AcDbTextStyleTableRecord
  2
textstyle71
 70
0
 40
0.0
 41
1.0
 50
0.0
 71
0
 42
0.11
  3

  4

1001
ACAD
1000
Standard
1071
0
  0
STYLE
  5
183
100
AcDbSymbolTableRecord
100
AcDbTextStyleTableRecord
  2
textstyle72
 70
0
 40
0.0
 41
1.0
 50
0.0
 71
0
 42
0.11
  3

  4

1001
ACAD
1000
Standard
1071
0
  0
STYLE
  5
184
100
AcDbSymbolTableRecord
100
AcDbTextStyleTableRecord
  2
textstyle73
 70
0
 40
0.0
 41
1.0
 50
0.0
 71
0
 42
0.11
  3

  4

1001
ACAD
1000
Standard
1071
0
  0
STYLE
  5
185
100
AcDbSymbolTableRecord
100
AcDbTextStyleTableRecord
  2
textstyle74
 70
0
 40
0.0
 41
1.0
 50
0.0
 71
0
 42
0.14
  3

  4

1001
ACAD
1000
Standard
1071
0
  0
STYLE
  5
186
100
AcDbSymbolTableRecord
100
AcDbTextStyleTableRecord
  2
textstyle75
 70
0
 40
0.0
 41
1.0
 50
0.0
 71
0
 42
0.5
  3

  4

1001
ACAD
1000
Standard
1071
0
  0
STYLE
  5
187
100
AcDbSymbolTableRecord
100
AcDbTextStyleTableRecord
  2
textstyle76
 70
0
 40
0.0
 41
1.0
 50
0.0
 71
0
 42
0.11
  3

  4

1001
ACAD
1000
Standard
1071
0
  0
STYLE
  5
188
100
AcDbSymbolTableRecord
100
AcDbTextStyleTableRecord
  2
textstyle77
 70
0
 40
0.0
 41
1.0
 50
0.0
 71
0
 42
0.5
  3

  4

1001
ACAD
1000
Standard
1071
0
  0
STYLE
  5
189
100
AcDbSymbolTableRecord
100
AcDbTextStyleTableRecord
  2
textstyle78
 70
0
 40
0.0
 41
1.0
 50
0.0
 71
0
 42
0.5
  3

  4

1001
ACAD
1000
Standard
1071
0
  0
STYLE
  5
18A
100
AcDbSymbolTableRecord
100
AcDbTextStyleTableRecord
  2
textstyle79
 70
0
 40
0.0
 41
1.0
 50
0.0
 71
0
 42
0.14
  3

  4

1001
ACAD
1000
Standard
1071
0
  0
STYLE
  5
18B
100
AcDbSymbolTableRecord
100
AcDbTextStyleTableRecord
  2
textstyle80
 70
0
 40
0.0
 41
1.0
 50
0.0
 71
0
 42
0.14
  3

  4

1001
ACAD
1000
Standard
1071
0
  0
STYLE
  5
18C
100
AcDbSymbolTableRecord
100
AcDbTextStyleTableRecord
  2
textstyle81
 70
0
 40
0.0
 41
1.0
 50
0.0
 71
0
 42
0.11
  3

  4

1001
ACAD
1000
Standard
1071
0
  0
STYLE
  5
18D
100
AcDbSymbolTableRecord
100
AcDbTextStyleTableRecord
  2
textstyle82
 70
0
 40
0.0
 41
1.0
 50
0.0
 71
0
 42
0.11
  3

  4

1001
ACAD
1000
Standard
1071
0
  0
STYLE
  5
18E
100
AcDbSymbolTableRecord
100
AcDbTextStyleTableRecord
  2
textstyle83
 70
0
 40
0.0
 41
1.0
 50
0.0
 71
0
 42
0.11
  3

  4

1001
ACAD
1000
Standard
1071
0
  0
STYLE
  5
18F
100
AcDbSymbolTableRecord
100
AcDbTextStyleTableRecord
  2
textstyle84
 70
0
 40
0.0
 41
1.0
 50
0.0
 71
0
 42
0.11
  3

  4

1001
ACAD
1000
Standard
1071
0
  0
STYLE
  5
190
100
AcDbSymbolTableRecord
100
AcDbTextStyleTableRecord
  2
textstyle85
 70
0
 40
0.0
 41
1.0
 50
0.0
 71
0
 42
0.14
  3

  4

1001
ACAD
1000
Standard
1071
0
  0
STYLE
  5
191
100
AcDbSymbolTableRecord
100
AcDbTextStyleTableRecord
  2
textstyle86
 70
0
 40
0.0
 41
1.0
 50
0.0
 71
0
 42
0.14
  3

  4

1001
ACAD
1000
Standard
1071
0
  0
STYLE
  5
192
100
AcDbSymbolTableRecord
100
AcDbTextStyleTableRecord
  2
textstyle87
 70
0
 40
0.0
 41
1.0
 50
0.0
 71
0
 42
0.11
  3

  4

1001
ACAD
1000
Standard
1071
0
  0
STYLE
  5
193
100
AcDbSymbolTableRecord
100
AcDbTextStyleTableRecord
  2
textstyle88
 70
0
 40
0.0
 41
1.0
 50
0.0
 71
0
 42
0.11
  3

  4

1001
ACAD
1000
Standard
1071
0
  0
STYLE
  5
194
100
AcDbSymbolTableRecord
100
AcDbTextStyleTableRecord
  2
textstyle89
 70
0
 40
0.0
 41
1.0
 50
0.0
 71
0
 42
0.14
  3

  4

1001
ACAD
1000
Standard
1071
0
  0
STYLE
  5
195
100
AcDbSymbolTableRecord
100
AcDbTextStyleTableRecord
  2
textstyle90
 70
0
 40
0.0
 41
1.0
 50
0.0
 71
0
 42
0.14
  3

  4

1001
ACAD
1000
Standard
1071
0
  0
STYLE
  5
196
100
AcDbSymbolTableRecord
100
AcDbTextStyleTableRecord
  2
textstyle91
 70
0
 40
0.0
 41
1.0
 50
0.0
 71
0
 42
0.11
  3

  4

1001
ACAD
1000
Standard
1071
0
  0
STYLE
  5
197
100
AcDbSymbolTableRecord
100
AcDbTextStyleTableRecord
  2
textstyle92
 70
0
 40
0.0
 41
1.0
 50
0.0
 71
0
 42
0.11
  3

  4

1001
ACAD
1000
Standard
1071
0
  0
STYLE
  5
198
100
AcDbSymbolTableRecord
100
AcDbTextStyleTableRecord
  2
textstyle93
 70
0
 40
0.0
 41
1.0
 50
0.0
 71
0
 42
0.5
  3

  4

1001
ACAD
1000
Standard
1071
0
  0
STYLE
  5
199
100
AcDbSymbolTableRecord
100
AcDbTextStyleTableRecord
  2
textstyle94
 70
0
 40
0.0
 41
1.0
 50
0.0
 71
0
 42
0.5
  3

  4

1001
ACAD
1000
Standard
1071
0
  0
STYLE
  5
19A
100
AcDbSymbolTableRecord
100
AcDbTextStyleTableRecord
  2
textstyle95
 70
0
 40
0.0
 41
1.0
 50
0.0
 71
0
 42
0.18
  3

  4

1001
ACAD
1000
Standard
1071
0
  0
STYLE
  5
19B
100
AcDbSymbolTableRecord
100
AcDbTextStyleTableRecord
  2
textstyle96
 70
0
 40
0.0
 41
1.0
 50
0.0
 71
0
 42
0.11
  3

  4

1001
ACAD
1000
Standard
1071
0
  0
STYLE
  5
19C
100
AcDbSymbolTableRecord
100
AcDbTextStyleTableRecord
  2
textstyle97
 70
0
 40
0.0
 41
1.0
 50
0.0
 71
0
 42
0.11
  3

  4

1001
ACAD
1000
Standard
1071
0
  0
STYLE
  5
19D
100
AcDbSymbolTableRecord
100
AcDbTextStyleTableRecord
  2
textstyle98
 70
0
 40
0.0
 41
1.0
 50
0.0
 71
0
 42
0.5
  3

  4

1001
ACAD
1000
Standard
1071
0
  0
STYLE
  5
19E
100
AcDbSymbolTableRecord
100
AcDbTextStyleTableRecord
  2
textstyle99
 70
0
 40
0.0
 41
1.0
 50
0.0
 71
0
 42
0.11
  3

  4

1001
ACAD
1000
Standard
1071
0
  0
STYLE
  5
19F
100
AcDbSymbolTableRecord
100
AcDbTextStyleTableRecord
  2
textstyle100
 70
0
 40
0.0
 41
1.0
 50
0.0
 71
0
 42
0.5
  3

  4

1001
ACAD
1000
Standard
1071
0
  0
STYLE
  5
1A0
100
AcDbSymbolTableRecord
100
AcDbTextStyleTableRecord
  2
textstyle101
 70
0
 40
0.0
 41
1.0
 50
0.0
 71
0
 42
0.11
  3

  4

1001
ACAD
1000
Standard
1071
0
  0
STYLE
  5
1A1
100
AcDbSymbolTableRecord
100
AcDbTextStyleTableRecord
  2
textstyle102
 70
0
 40
0.0
 41
1.0
 50
0.0
 71
0
 42
0.11
  3

  4

1001
ACAD
1000
Standard
1071
0
  0
STYLE
  5
1A2
100
AcDbSymbolTableRecord
100
AcDbTextStyleTableRecord
  2
textstyle103
 70
0
 40
0.0
 41
1.0
 50
0.0
 71
0
 42
0.11
  3

  4

1001
ACAD
1000
Standard
1071
0
  0
STYLE
  5
1A3
100
AcDbSymbolTableRecord
100
AcDbTextStyleTableRecord
  2
textstyle104
 70
0
 40
0.0
 41
1.0
 50
0.0
 71
0
 42
0.14
  3

  4

1001
ACAD
1000
Standard
1071
0
  0
STYLE
  5
1A4
100
AcDbSymbolTableRecord
100
AcDbTextStyleTableRecord
  2
textstyle105
 70
0
 40
0.0
 41
1.0
 50
0.0
 71
0
 42
0.5
  3

  4

1001
ACAD
1000
Standard
1071
0
  0
STYLE
  5
1A5
100
AcDbSymbolTableRecord
100
AcDbTextStyleTableRecord
  2
textstyle106
 70
0
 40
0.0
 41
1.0
 50
0.0
 71
0
 42
0.14
  3

  4

1001
ACAD
1000
Standard
1071
0
  0
STYLE
  5
1A6
100
AcDbSymbolTableRecord
100
AcDbTextStyleTableRecord
  2
textstyle107
 70
0
 40
0.0
 41
1.0
 50
0.0
 71
0
 42
0.5
  3

  4

1001
ACAD
1000
Standard
1071
0
  0
STYLE
  5
1A7
100
AcDbSymbolTableRecord
100
AcDbTextStyleTableRecord
  2
textstyle108
 70
0
 40
0.0
 41
1.0
 50
0.0
 71
0
 42
0.8
  3

  4

1001
ACAD
1000
Standard
1071
0
  0
STYLE
  5
1A8
100
AcDbSymbolTableRecord
100
AcDbTextStyleTableRecord
  2
textstyle109
 70
0
 40
0.0
 41
1.0
 50
0.0
 71
0
 42
0.14
  3

  4

1001
ACAD
1000
Standard
1071
0
  0
STYLE
  5
1A9
100
AcDbSymbolTableRecord
100
AcDbTextStyleTableRecord
  2
textstyle110
 70
0
 40
0.0
 41
1.0
 50
0.0
 71
0
 42
0.11
  3

  4

1001
ACAD
1000
Standard
1071
0
  0
STYLE
  5
1AA
100
AcDbSymbolTableRecord
100
AcDbTextStyleTableRecord
  2
textstyle111
 70
0
 40
0.0
 41
1.0
 50
0.0
 71
0
 42
0.5
  3

  4

1001
ACAD
1000
Standard
1071
0
  0
STYLE
  5
1AB
100
AcDbSymbolTableRecord
100
AcDbTextStyleTableRecord
  2
textstyle112
 70
0
 40
0.0
 41
1.0
 50
0.0
 71
0
 42
0.14
  3

  4

1001
ACAD
1000
Standard
1071
0
  0
STYLE
  5
1AC
100
AcDbSymbolTableRecord
100
AcDbTextStyleTableRecord
  2
textstyle113
 70
0
 40
0.0
 41
1.0
 50
0.0
 71
0
 42
0.11
  3

  4

1001
ACAD
1000
Standard
1071
0
  0
STYLE
  5
1AD
100
AcDbSymbolTableRecord
100
AcDbTextStyleTableRecord
  2
textstyle114
 70
0
 40
0.0
 41
1.0
 50
0.0
 71
0
 42
0.11
  3

  4

1001
ACAD
1000
Standard
1071
0
  0
STYLE
  5
1AE
100
AcDbSymbolTableRecord
100
AcDbTextStyleTableRecord
  2
textstyle115
 70
0
 40
0.0
 41
1.0
 50
0.0
 71
0
 42
0.5
  3

  4

1001
ACAD
1000
Standard
1071
0
  0
STYLE
  5
31
100
AcDbSymbolTableRecord
100
AcDbTextStyleTableRecord
  2
CS_LT_STANDARD
 70
0
 40
0.0
 41
1.0
 50
0.0
 71
0
 42
2.5
  3
standard.shx
  4

1001
ACAD
1000
standard
1071
0
  0
ENDTAB
  0
TABLE
  2
VIEW
  5
6
100
AcDbSymbolTable
 70
0
  0
ENDTAB
  0
TABLE
  2
UCS
  5
7
100
AcDbSymbolTable
 70
0
  0
ENDTAB
  0
TABLE
  2
APPID
  5
9
100
AcDbSymbolTable
 70
3
  0
APPID
  5
12
100
AcDbSymbolTableRecord
100
AcDbRegAppTableRecord
  2
ACAD
 70
0
  0
APPID
  5
1AF
100
AcDbSymbolTableRecord
100
AcDbRegAppTableRecord
  2
QCAD
 70
0
  0
APPID
  5
1B0
100
AcDbSymbolTableRecord
100
AcDbRegAppTableRecord
  2
CaveSurvey
 70
0
  0
ENDTAB
  0
TABLE
  2
DIMSTYLE
  5
A
100
AcDbSymbolTable
 70
1
100
AcDbDimStyleTable
 71
0
  0
DIMSTYLE
105
27
100
AcDbSymbolTableRecord
100
AcDbDimStyleTableRecord
  2
Standard
 41
0.175
 42
0.125
 43
3.75
 44
0.375
 70
0
 73
0
 74
0
 77
1
 78
8
140
0.25
141
2.5
143
0.03937007874016
147
0.1
171
3
172
1
271
2
272
2
274
3
278
44
283
0
284
8
340
13A
  0
ENDTAB
  0
TABLE
  2
BLOCK_RECORD
  5
1
100
AcDbSymbolTable
 70
1
  0
BLOCK_RECORD
  5
1F
100
AcDbSymbolTableRecord
100
AcDbBlockTableRecord
  2
*Model_Space
340
22
  0
BLOCK_RECORD
  5
1B
100
AcDbSymbolTableRecord
100
AcDbBlockTableRecord
  2
*Paper_Space
340
1E
  0
BLOCK_RECORD
  5
23
100
AcDbSymbolTableRecord
100
AcDbBlockTableRecord
  2
*Paper_Space0
340
26
  0
BLOCK_RECORD
  5
1B1
100
AcDbSymbolTableRecord
100
AcDbBlockTableRecord
  2
SYM_COLUMN
340
0
  0
BLOCK_RECORD
  5
1B2
100
AcDbSymbolTableRecord
100
AcDbBlockTableRecord
  2
SYM_CRYSTAL
340
0
  0
BLOCK_RECORD
  5
1B3
100
AcDbSymbolTableRecord
100
AcDbBlockTableRecord
  2
SYM_DOME
340
0
  0
BLOCK_RECORD
  5
1B4
100
AcDbSymbolTableRecord
100
AcDbBlockTableRecord
  2
SYM_BREAKDOWN
340
0
  0
BLOCK_RECORD
  5
1B5
100
AcDbSymbolTableRecord
100
AcDbBlockTableRecord
  2
SYM_NORTH_ARROW
340
0
  0
BLOCK_RECORD
  5
1B6
100
AcDbSymbolTableRecord
100
AcDbBlockTableRecord
  2
_CLOSEDBLANK
340
0
  0
BLOCK_RECORD
  5
1B7
100
AcDbSymbolTableRecord
100
AcDbBlockTableRecord
  2
SYM_FIXED_LADDER
340
0
  0
BLOCK_RECORD
  5
1B8
100
AcDbSymbolTableRecord
100
AcDbBlockTableRecord
  2
TB_BAR_SCALE_1IN500FT
340
0
  0
BLOCK_RECORD
  5
1B9
100
AcDbSymbolTableRecord
100
AcDbBlockTableRecord
  2
SYM_ANASTOMOSIS
340
0
  0
BLOCK_RECORD
  5
1BA
100
AcDbSymbolTableRecord
100
AcDbBlockTableRecord
  2
TB_BAR_SCALE_1IN200FT
340
0
  0
BLOCK_RECORD
  5
1BB
100
AcDbSymbolTableRecord
100
AcDbBlockTableRecord
  2
SYM_SUMP
340
0
  0
BLOCK_RECORD
  5
1BC
100
AcDbSymbolTableRecord
100
AcDbBlockTableRecord
  2
SYM_CLAY_MUD_TICK
340
0
  0
BLOCK_RECORD
  5
1BD
100
AcDbSymbolTableRecord
100
AcDbBlockTableRecord
  2
TB_BAR_SCALE_1IN30FT
340
0
  0
BLOCK_RECORD
  5
1BE
100
AcDbSymbolTableRecord
100
AcDbBlockTableRecord
  2
SYM_GUANO
340
0
  0
BLOCK_RECORD
  5
1BF
100
AcDbSymbolTableRecord
100
AcDbBlockTableRecord
  2
SYM_STALAGMITE
340
0
  0
BLOCK_RECORD
  5
1C0
100
AcDbSymbolTableRecord
100
AcDbBlockTableRecord
  2
SYM_SIPHON
340
0
  0
BLOCK_RECORD
  5
1C1
100
AcDbSymbolTableRecord
100
AcDbBlockTableRecord
  2
TB_BAR_SCALE_1IN400FT
340
0
  0
BLOCK_RECORD
  5
1C2
100
AcDbSymbolTableRecord
100
AcDbBlockTableRecord
  2
SYM_BREAKDOWN_B
340
0
  0
BLOCK_RECORD
  5
1C3
100
AcDbSymbolTableRecord
100
AcDbBlockTableRecord
  2
SYM_EX_VOTO
340
0
  0
BLOCK_RECORD
  5
1C4
100
AcDbSymbolTableRecord
100
AcDbBlockTableRecord
  2
SYM_CLIMB_ARROW
340
0
  0
BLOCK_RECORD
  5
1C5
100
AcDbSymbolTableRecord
100
AcDbBlockTableRecord
  2
SYM_CEILING_HEIGHT
340
0
  0
BLOCK_RECORD
  5
1C6
100
AcDbSymbolTableRecord
100
AcDbBlockTableRecord
  2
SYM_DEVIATION
340
0
  0
BLOCK_RECORD
  5
1C7
100
AcDbSymbolTableRecord
100
AcDbBlockTableRecord
  2
SYM_GYPSUM
340
0
  0
BLOCK_RECORD
  5
1C8
100
AcDbSymbolTableRecord
100
AcDbBlockTableRecord
  2
TB_BAR_SCALE_1IN100FT
340
0
  0
BLOCK_RECORD
  5
1C9
100
AcDbSymbolTableRecord
100
AcDbBlockTableRecord
  2
SYM_FIXED_POINT
340
0
  0
BLOCK_RECORD
  5
1CA
100
AcDbSymbolTableRecord
100
AcDbBlockTableRecord
  2
TB_BAR_SCALE_1IN20FT
340
0
  0
BLOCK_RECORD
  5
1CB
100
AcDbSymbolTableRecord
100
AcDbBlockTableRecord
  2
SYM_MOONMILK_POPCORN
340
0
  0
BLOCK_RECORD
  5
1CC
100
AcDbSymbolTableRecord
100
AcDbBlockTableRecord
  2
AREA_CRYSTAL
340
0
  0
BLOCK_RECORD
  5
1CD
100
AcDbSymbolTableRecord
100
AcDbBlockTableRecord
  2
SYM_FLOW_ARROW
340
0
  0
BLOCK_RECORD
  5
1CE
100
AcDbSymbolTableRecord
100
AcDbBlockTableRecord
  2
SYM_NATURAL_ANCHOR
340
0
  0
BLOCK_RECORD
  5
1CF
100
AcDbSymbolTableRecord
100
AcDbBlockTableRecord
  2
SYM_TRAVERSE_LINE
340
0
  0
BLOCK_RECORD
  5
1D0
100
AcDbSymbolTableRecord
100
AcDbBlockTableRecord
  2
SYM_NARROW_END
340
0
  0
BLOCK_RECORD
  5
1D1
100
AcDbSymbolTableRecord
100
AcDbBlockTableRecord
  2
SYM_GATE
340
0
  0
BLOCK_RECORD
  5
1D2
100
AcDbSymbolTableRecord
100
AcDbBlockTableRecord
  2
SYM_REBELAY
340
0
  0
BLOCK_RECORD
  5
1D3
100
AcDbSymbolTableRecord
100
AcDbBlockTableRecord
  2
SYM_DRIP_SEEP
340
0
  0
BLOCK_RECORD
  5
1D4
100
AcDbSymbolTableRecord
100
AcDbBlockTableRecord
  2
SYM_CAMP
340
0
  0
BLOCK_RECORD
  5
1D5
100
AcDbSymbolTableRecord
100
AcDbBlockTableRecord
  2
SYM_SLOPE_TICK
340
0
  0
BLOCK_RECORD
  5
1D6
100
AcDbSymbolTableRecord
100
AcDbBlockTableRecord
  2
SYM_BAT
340
0
  0
BLOCK_RECORD
  5
1D7
100
AcDbSymbolTableRecord
100
AcDbBlockTableRecord
  2
SYM_ROOT
340
0
  0
BLOCK_RECORD
  5
1D8
100
AcDbSymbolTableRecord
100
AcDbBlockTableRecord
  2
SYM_SEED_GERMINATION
340
0
  0
BLOCK_RECORD
  5
1D9
100
AcDbSymbolTableRecord
100
AcDbBlockTableRecord
  2
SYM_CABLE_LADDER
340
0
  0
BLOCK_RECORD
  5
1DA
100
AcDbSymbolTableRecord
100
AcDbBlockTableRecord
  2
SYM_ROPE_DROP
340
0
  0
BLOCK_RECORD
  5
1DB
100
AcDbSymbolTableRecord
100
AcDbBlockTableRecord
  2
SYM_VOLCANO
340
0
  0
BLOCK_RECORD
  5
1DC
100
AcDbSymbolTableRecord
100
AcDbBlockTableRecord
  2
SYM_JOINT_TICK
340
0
  0
BLOCK_RECORD
  5
1DD
100
AcDbSymbolTableRecord
100
AcDbBlockTableRecord
  2
SYM_GYPSUM_FLOWER
340
0
  0
BLOCK_RECORD
  5
1DE
100
AcDbSymbolTableRecord
100
AcDbBlockTableRecord
  2
SYM_VEGETABLE_DEBRIS
340
0
  0
BLOCK_RECORD
  5
1DF
100
AcDbSymbolTableRecord
100
AcDbBlockTableRecord
  2
SYM_PENDANT
340
0
  0
BLOCK_RECORD
  5
1E0
100
AcDbSymbolTableRecord
100
AcDbBlockTableRecord
  2
AREA_BONE
340
0
  0
BLOCK_RECORD
  5
1E1
100
AcDbSymbolTableRecord
100
AcDbBlockTableRecord
  2
AREA_DASH
340
0
  0
BLOCK_RECORD
  5
1E2
100
AcDbSymbolTableRecord
100
AcDbBlockTableRecord
  2
SYM_SAND_GRAVEL_DOT
340
0
  0
BLOCK_RECORD
  5
1E3
100
AcDbSymbolTableRecord
100
AcDbBlockTableRecord
  2
SYM_BREAKDOWN_C
340
0
  0
BLOCK_RECORD
  5
1E4
100
AcDbSymbolTableRecord
100
AcDbBlockTableRecord
  2
SYM_ENTRANCE
340
0
  0
BLOCK_RECORD
  5
1E5
100
AcDbSymbolTableRecord
100
AcDbBlockTableRecord
  2
AREA_PEBBLE
340
0
  0
BLOCK_RECORD
  5
1E6
100
AcDbSymbolTableRecord
100
AcDbBlockTableRecord
  2
SYM_BOLT
340
0
  0
BLOCK_RECORD
  5
1E7
100
AcDbSymbolTableRecord
100
AcDbBlockTableRecord
  2
SYM_RIMSTONE_DAM
340
0
  0
BLOCK_RECORD
  5
1E8
100
AcDbSymbolTableRecord
100
AcDbBlockTableRecord
  2
SYM_LOW_END
340
0
  0
BLOCK_RECORD
  5
1E9
100
AcDbSymbolTableRecord
100
AcDbBlockTableRecord
  2
SYM_AIR_DRAUGHT
340
0
  0
BLOCK_RECORD
  5
1EA
100
AcDbSymbolTableRecord
100
AcDbBlockTableRecord
  2
TB_BAR_SCALE_1IN10FT
340
0
  0
BLOCK_RECORD
  5
1EB
100
AcDbSymbolTableRecord
100
AcDbBlockTableRecord
  2
SYM_CONTINUATION
340
0
  0
BLOCK_RECORD
  5
1EC
100
AcDbSymbolTableRecord
100
AcDbBlockTableRecord
  2
SYM_DRAPERY
340
0
  0
BLOCK_RECORD
  5
1ED
100
AcDbSymbolTableRecord
100
AcDbBlockTableRecord
  2
SYM_SPRING
340
0
  0
BLOCK_RECORD
  5
1EE
100
AcDbSymbolTableRecord
100
AcDbBlockTableRecord
  2
SYM_BREAKDOWN_CHOKE
340
0
  0
BLOCK_RECORD
  5
1EF
100
AcDbSymbolTableRecord
100
AcDbBlockTableRecord
  2
SYM_SCALLOP
340
0
  0
BLOCK_RECORD
  5
1F0
100
AcDbSymbolTableRecord
100
AcDbBlockTableRecord
  2
SYM_TREE_TRUNK
340
0
  0
BLOCK_RECORD
  5
1F1
100
AcDbSymbolTableRecord
100
AcDbBlockTableRecord
  2
SYM_ALTAR
340
0
  0
BLOCK_RECORD
  5
1F2
100
AcDbSymbolTableRecord
100
AcDbBlockTableRecord
  2
SYM_SODA_STRAW
340
0
  0
BLOCK_RECORD
  5
1F3
100
AcDbSymbolTableRecord
100
AcDbBlockTableRecord
  2
SYM_SECTION_MARKER
340
0
  0
BLOCK_RECORD
  5
1F4
100
AcDbSymbolTableRecord
100
AcDbBlockTableRecord
  2
SYM_HUMAN_BONES
340
0
  0
BLOCK_RECORD
  5
1F5
100
AcDbSymbolTableRecord
100
AcDbBlockTableRecord
  2
TB_NORTH_ARROW_DECL
340
0
  0
BLOCK_RECORD
  5
1F6
100
AcDbSymbolTableRecord
100
AcDbBlockTableRecord
  2
SYM_NAMEPLATE
340
0
  0
BLOCK_RECORD
  5
1F7
100
AcDbSymbolTableRecord
100
AcDbBlockTableRecord
  2
SYM_FLOWSTONE_CHOKE
340
0
  0
BLOCK_RECORD
  5
1F8
100
AcDbSymbolTableRecord
100
AcDbBlockTableRecord
  2
SYM_HELICTITE
340
0
  0
BLOCK_RECORD
  5
1F9
100
AcDbSymbolTableRecord
100
AcDbBlockTableRecord
  2
SYM_MASONRY
340
0
  0
BLOCK_RECORD
  5
1FA
100
AcDbSymbolTableRecord
100
AcDbBlockTableRecord
  2
SYM_PIT
340
0
  0
BLOCK_RECORD
  5
1FB
100
AcDbSymbolTableRecord
100
AcDbBlockTableRecord
  2
SYM_Y_HANG
340
0
  0
BLOCK_RECORD
  5
1FC
100
AcDbSymbolTableRecord
100
AcDbBlockTableRecord
  2
SYM_STEPS
340
0
  0
BLOCK_RECORD
  5
1FD
100
AcDbSymbolTableRecord
100
AcDbBlockTableRecord
  2
SYM_ARCHEO_EXCAVATION
340
0
  0
BLOCK_RECORD
  5
1FE
100
AcDbSymbolTableRecord
100
AcDbBlockTableRecord
  2
SYM_DIG
340
0
  0
BLOCK_RECORD
  5
1FF
100
AcDbSymbolTableRecord
100
AcDbBlockTableRecord
  2
SYM_BRIDGE
340
0
  0
BLOCK_RECORD
  5
200
100
AcDbSymbolTableRecord
100
AcDbBlockTableRecord
  2
SYM_FLUTE
340
0
  0
BLOCK_RECORD
  5
201
100
AcDbSymbolTableRecord
100
AcDbBlockTableRecord
  2
SYM_ARAGONITE
340
0
  0
BLOCK_RECORD
  5
202
100
AcDbSymbolTableRecord
100
AcDbBlockTableRecord
  2
TB_BAR_SCALE_1IN60FT
340
0
  0
BLOCK_RECORD
  5
203
100
AcDbSymbolTableRecord
100
AcDbBlockTableRecord
  2
_CLOSEDFILLED
340
0
  0
BLOCK_RECORD
  5
204
100
AcDbSymbolTableRecord
100
AcDbBlockTableRecord
  2
SYM_STALACTITE
340
0
  0
BLOCK_RECORD
  5
205
100
AcDbSymbolTableRecord
100
AcDbBlockTableRecord
  2
AREA_STIPPLE
340
0
  0
BLOCK_RECORD
  5
206
100
AcDbSymbolTableRecord
100
AcDbBlockTableRecord
  2
TB_BAR_SCALE_1IN300FT
340
0
  0
BLOCK_RECORD
  5
207
100
AcDbSymbolTableRecord
100
AcDbBlockTableRecord
  2
SYM_FLOWSTONE
340
0
  0
BLOCK_RECORD
  5
208
100
AcDbSymbolTableRecord
100
AcDbBlockTableRecord
  2
SYM_CLAY_CHOKE
340
0
  0
BLOCK_RECORD
  5
209
100
AcDbSymbolTableRecord
100
AcDbBlockTableRecord
  2
TB_BAR_SCALE_1IN40FT
340
0
  0
BLOCK_RECORD
  5
20A
100
AcDbSymbolTableRecord
100
AcDbBlockTableRecord
  2
_ARCHTICK
340
0
  0
BLOCK_RECORD
  5
20B
100
AcDbSymbolTableRecord
100
AcDbBlockTableRecord
  2
SYM_CAVE_PEARL
340
0
  0
BLOCK_RECORD
  5
20C
100
AcDbSymbolTableRecord
100
AcDbBlockTableRecord
  2
SYM_WALKWAY
340
0
  0
BLOCK_RECORD
  5
20D
100
AcDbSymbolTableRecord
100
AcDbBlockTableRecord
  2
SYM_HANDRAIL
340
0
  0
BLOCK_RECORD
  5
20E
100
AcDbSymbolTableRecord
100
AcDbBlockTableRecord
  2
TB_BORDER_ARCH_D_FULLBLEED
340
0
  0
BLOCK_RECORD
  5
20F
100
AcDbSymbolTableRecord
100
AcDbBlockTableRecord
  2
SYM_PALEO_MATERIAL
340
0
  0
BLOCK_RECORD
  5
210
100
AcDbSymbolTableRecord
100
AcDbBlockTableRecord
  2
SYM_BONES
340
0
  0
BLOCK_RECORD
  5
211
100
AcDbSymbolTableRecord
100
AcDbBlockTableRecord
  2
SYM_KARREN
340
0
  0
BLOCK_RECORD
  5
212
100
AcDbSymbolTableRecord
100
AcDbBlockTableRecord
  2
SYM_CLAY_TREE
340
0
  0
BLOCK_RECORD
  5
213
100
AcDbSymbolTableRecord
100
AcDbBlockTableRecord
  2
SYM_DANGER
340
0
  0
BLOCK_RECORD
  5
214
100
AcDbSymbolTableRecord
100
AcDbBlockTableRecord
  2
SYM_ARCHEO_MATERIAL
340
0
  0
BLOCK_RECORD
  5
215
100
AcDbSymbolTableRecord
100
AcDbBlockTableRecord
  2
TB_BAR_SCALE_1IN50FT
340
0
  0
ENDTAB
  0
ENDSEC
  0
SECTION
  2
BLOCKS
  0
BLOCK
  5
20
100
AcDbEntity
  8
0
100
AcDbBlockBegin
  2
*Model_Space
 70
0
 10
0.0
 20
0.0
 30
0.0
  3
*Model_Space
  1

  0
ENDBLK
  5
21
100
AcDbEntity
  8
0
100
AcDbBlockEnd
  0
BLOCK
  5
1C
100
AcDbEntity
 67
1
  8
0
100
AcDbBlockBegin
  2
*Paper_Space
 70
0
 10
0.0
 20
0.0
 30
0.0
  3
*Paper_Space
  1

  0
ENDBLK
  5
1D
100
AcDbEntity
 67
1
  8
0
100
AcDbBlockEnd
  0
BLOCK
  5
24
100
AcDbEntity
  8
0
100
AcDbBlockBegin
  2
*Paper_Space0
 70
0
 10
0.0
 20
0.0
 30
0.0
  3
*Paper_Space0
  1

  0
ENDBLK
  5
25
100
AcDbEntity
  8
0
100
AcDbBlockEnd
  0
BLOCK
  5
216
100
AcDbEntity
  8
0
100
AcDbBlockBegin
  2
SYM_COLUMN
 70
0
 10
0.0
 20
0.0
 30
0.0
  3
SYM_COLUMN
  1

  0
LWPOLYLINE
  5
217
100
AcDbEntity
  8
FORMATIONS-DRIP
 62
256
370
-1
 48
1.0
  6
ByLayer
100
AcDbPolyline
 90
6
 70
1
 10
-0.3
 20
0.6
 10
0.3
 20
0.6
 10
0.0
 20
0.0
 10
0.3
 20
-0.6
 10
-0.3
 20
-0.6
 10
0.0
 20
0.0
  0
ENDBLK
  5
218
100
AcDbEntity
  8
0
100
AcDbBlockEnd
  0
BLOCK
  5
219
100
AcDbEntity
  8
0
100
AcDbBlockBegin
  2
SYM_CRYSTAL
 70
0
 10
0.0
 20
0.0
 30
0.0
  3
SYM_CRYSTAL
  1

  0
LINE
  5
21A
100
AcDbEntity
  8
FORMATIONS-MOONMILK-POPCORN
 62
256
370
-1
 48
1.0
  6
ByLayer
100
AcDbLine
 10
0.0
 20
0.34
 30
0.0
 11
0.2
 21
0.0
 31
0.0
  0
LINE
  5
21B
100
AcDbEntity
  8
FORMATIONS-MOONMILK-POPCORN
 62
256
370
-1
 48
1.0
  6
ByLayer
100
AcDbLine
 10
0.2
 20
0.0
 30
0.0
 11
0.0
 21
-0.34
 31
0.0
  0
LINE
  5
21C
100
AcDbEntity
  8
FORMATIONS-MOONMILK-POPCORN
 62
256
370
-1
 48
1.0
  6
ByLayer
100
AcDbLine
 10
0.0
 20
-0.34
 30
0.0
 11
-0.2
 21
0.0
 31
0.0
  0
LINE
  5
21D
100
AcDbEntity
  8
FORMATIONS-MOONMILK-POPCORN
 62
256
370
-1
 48
1.0
  6
ByLayer
100
AcDbLine
 10
-0.2
 20
0.0
 30
0.0
 11
0.0
 21
0.34
 31
0.0
  0
LINE
  5
21E
100
AcDbEntity
  8
FORMATIONS-MOONMILK-POPCORN
 62
256
370
-1
 48
1.0
  6
ByLayer
100
AcDbLine
 10
0.0
 20
0.34
 30
0.0
 11
0.0
 21
-0.34
 31
0.0
  0
LINE
  5
21F
100
AcDbEntity
  8
FORMATIONS-MOONMILK-POPCORN
 62
256
370
-1
 48
1.0
  6
ByLayer
100
AcDbLine
 10
-0.2
 20
0.0
 30
0.0
 11
0.2
 21
0.0
 31
0.0
  0
ENDBLK
  5
220
100
AcDbEntity
  8
0
100
AcDbBlockEnd
  0
BLOCK
  5
221
100
AcDbEntity
  8
0
100
AcDbBlockBegin
  2
SYM_DOME
 70
0
 10
0.0
 20
0.0
 30
0.0
  3
SYM_DOME
  1

  0
CIRCLE
  5
222
100
AcDbEntity
  8
PITS-DOMES
 62
256
370
-1
 48
1.0
  6
ByLayer
100
AcDbCircle
 10
0.0
 20
0.0
 30
0.0
 40
0.5
  0
LINE
  5
223
100
AcDbEntity
  8
PITS-DOMES
 62
256
370
-1
 48
1.0
  6
ByLayer
100
AcDbLine
 10
0.5
 20
0.0
 30
0.0
 11
0.75
 21
0.0
 31
0.0
  0
LINE
  5
224
100
AcDbEntity
  8
PITS-DOMES
 62
256
370
-1
 48
1.0
  6
ByLayer
100
AcDbLine
 10
0.4330127018922194
 20
0.25
 30
0.0
 11
0.649519052838329
 21
0.3749999999999999
 31
0.0
  0
LINE
  5
225
100
AcDbEntity
  8
PITS-DOMES
 62
256
370
-1
 48
1.0
  6
ByLayer
100
AcDbLine
 10
0.2500000000000001
 20
0.4330127018922193
 30
0.0
 11
0.3750000000000001
 21
0.649519052838329
 31
0.0
  0
LINE
  5
226
100
AcDbEntity
  8
PITS-DOMES
 62
256
370
-1
 48
1.0
  6
ByLayer
100
AcDbLine
 10
0.0
 20
0.5
 30
0.0
 11
0.0
 21
0.75
 31
0.0
  0
LINE
  5
227
100
AcDbEntity
  8
PITS-DOMES
 62
256
370
-1
 48
1.0
  6
ByLayer
100
AcDbLine
 10
-0.2499999999999999
 20
0.4330127018922194
 30
0.0
 11
-0.3749999999999998
 21
0.649519052838329
 31
0.0
  0
LINE
  5
228
100
AcDbEntity
  8
PITS-DOMES
 62
256
370
-1
 48
1.0
  6
ByLayer
100
AcDbLine
 10
-0.4330127018922194
 20
0.25
 30
0.0
 11
-0.649519052838329
 21
0.3749999999999999
 31
0.0
  0
LINE
  5
229
100
AcDbEntity
  8
PITS-DOMES
 62
256
370
-1
 48
1.0
  6
ByLayer
100
AcDbLine
 10
-0.5
 20
0.0000000000000001
 30
0.0
 11
-0.75
 21
0.0000000000000001
 31
0.0
  0
LINE
  5
22A
100
AcDbEntity
  8
PITS-DOMES
 62
256
370
-1
 48
1.0
  6
ByLayer
100
AcDbLine
 10
-0.4330127018922193
 20
-0.2500000000000001
 30
0.0
 11
-0.649519052838329
 21
-0.3750000000000001
 31
0.0
  0
LINE
  5
22B
100
AcDbEntity
  8
PITS-DOMES
 62
256
370
-1
 48
1.0
  6
ByLayer
100
AcDbLine
 10
-0.2500000000000002
 20
-0.4330127018922192
 30
0.0
 11
-0.3750000000000003
 21
-0.6495190528383288
 31
0.0
  0
LINE
  5
22C
100
AcDbEntity
  8
PITS-DOMES
 62
256
370
-1
 48
1.0
  6
ByLayer
100
AcDbLine
 10
-0.0000000000000001
 20
-0.5
 30
0.0
 11
-0.0000000000000001
 21
-0.75
 31
0.0
  0
LINE
  5
22D
100
AcDbEntity
  8
PITS-DOMES
 62
256
370
-1
 48
1.0
  6
ByLayer
100
AcDbLine
 10
0.2500000000000001
 20
-0.4330127018922193
 30
0.0
 11
0.3750000000000001
 21
-0.649519052838329
 31
0.0
  0
LINE
  5
22E
100
AcDbEntity
  8
PITS-DOMES
 62
256
370
-1
 48
1.0
  6
ByLayer
100
AcDbLine
 10
0.4330127018922192
 20
-0.2500000000000002
 30
0.0
 11
0.6495190528383288
 21
-0.3750000000000003
 31
0.0
  0
ENDBLK
  5
22F
100
AcDbEntity
  8
0
100
AcDbBlockEnd
  0
BLOCK
  5
230
100
AcDbEntity
  8
0
100
AcDbBlockBegin
  2
SYM_BREAKDOWN
 70
0
 10
0.0
 20
0.0
 30
0.0
  3
SYM_BREAKDOWN
  1

  0
LWPOLYLINE
  5
231
100
AcDbEntity
  8
BREAKDOWN
 62
256
370
-1
 48
1.0
  6
ByLayer
100
AcDbPolyline
 90
4
 70
1
 10
-0.6
 20
-0.3
 10
-0.3
 20
0.1
 10
0.0
 20
-0.1
 10
-0.2
 20
-0.5
  0
LWPOLYLINE
  5
232
100
AcDbEntity
  8
BREAKDOWN
 62
256
370
-1
 48
1.0
  6
ByLayer
100
AcDbPolyline
 90
4
 70
1
 10
0.0
 20
0.2
 10
0.35
 20
0.4
 10
0.5
 20
0.0
 10
0.2
 20
-0.15
  0
LWPOLYLINE
  5
233
100
AcDbEntity
  8
BREAKDOWN
 62
256
370
-1
 48
1.0
  6
ByLayer
100
AcDbPolyline
 90
4
 70
1
 10
-0.4
 20
0.3
 10
-0.1
 20
0.5
 10
0.15
 20
0.3
 10
-0.1
 20
0.15
  0
ENDBLK
  5
234
100
AcDbEntity
  8
0
100
AcDbBlockEnd
  0
BLOCK
  5
235
100
AcDbEntity
  8
0
100
AcDbBlockBegin
  2
SYM_NORTH_ARROW
 70
0
 10
0.0
 20
0.0
 30
0.0
  3
SYM_NORTH_ARROW
  1

  0
LWPOLYLINE
  5
236
100
AcDbEntity
  8
NORTH-ARROW
 62
256
370
-1
 48
1.0
  6
ByLayer
100
AcDbPolyline
 90
2
 70
0
 10
0.0
 20
-1.0
 10
0.0
 20
1.5
  0
LWPOLYLINE
  5
237
100
AcDbEntity
  8
NORTH-ARROW
 62
256
370
-1
 48
1.0
  6
ByLayer
100
AcDbPolyline
 90
3
 70
1
 10
-0.35
 20
0.9
 10
0.0
 20
1.5
 10
0.35
 20
0.9
  0
TEXT
  5
238
100
AcDbEntity
  8
NORTH-ARROW
 62
256
370
-1
 48
1.0
  6
ByLayer
100
AcDbText
 10
0.0
 20
-1.6000000000000001
 30
0.0
 40
0.4
  1
N
 50
0.0
 41
1.0
  7
textstyle67
 71
0
 72
1
 11
0.0
 21
-1.6000000000000001
 31
0.0
100
AcDbText
 73
2
  0
ENDBLK
  5
239
100
AcDbEntity
  8
0
100
AcDbBlockEnd
  0
BLOCK
  5
23A
100
AcDbEntity
  8
0
100
AcDbBlockBegin
  2
_CLOSEDBLANK
 70
0
 10
0.0
 20
0.0
 30
0.0
  3
_CLOSEDBLANK
  1

  0
LWPOLYLINE
  5
23B
100
AcDbEntity
  8
0
 62
0
370
-1
 48
1.0
  6
ByBlock
100
AcDbPolyline
 90
3
 70
1
 10
-1.0
 20
0.1643989837240254
 10
0.0
 20
0.0
 10
-1.0
 20
-0.1643989837240254
  0
ENDBLK
  5
23C
100
AcDbEntity
  8
0
100
AcDbBlockEnd
  0
BLOCK
  5
23D
100
AcDbEntity
  8
0
100
AcDbBlockBegin
  2
SYM_FIXED_LADDER
 70
0
 10
0.0
 20
0.0
 30
0.0
  3
SYM_FIXED_LADDER
  1

  0
LINE
  5
23E
100
AcDbEntity
  8
ANCHORS-BOLTS
 62
256
370
-1
 48
1.0
  6
ByLayer
100
AcDbLine
 10
-0.1
 20
0.5
 30
0.0
 11
-0.1
 21
-0.5
 31
0.0
  0
LINE
  5
23F
100
AcDbEntity
  8
ANCHORS-BOLTS
 62
256
370
-1
 48
1.0
  6
ByLayer
100
AcDbLine
 10
0.1
 20
0.5
 30
0.0
 11
0.1
 21
-0.5
 31
0.0
  0
LINE
  5
240
100
AcDbEntity
  8
ANCHORS-BOLTS
 62
256
370
-1
 48
1.0
  6
ByLayer
100
AcDbLine
 10
-0.1
 20
0.34
 30
0.0
 11
0.1
 21
0.34
 31
0.0
  0
LINE
  5
241
100
AcDbEntity
  8
ANCHORS-BOLTS
 62
256
370
-1
 48
1.0
  6
ByLayer
100
AcDbLine
 10
-0.1
 20
0.18
 30
0.0
 11
0.1
 21
0.18
 31
0.0
  0
LINE
  5
242
100
AcDbEntity
  8
ANCHORS-BOLTS
 62
256
370
-1
 48
1.0
  6
ByLayer
100
AcDbLine
 10
-0.1
 20
0.02
 30
0.0
 11
0.1
 21
0.02
 31
0.0
  0
LINE
  5
243
100
AcDbEntity
  8
ANCHORS-BOLTS
 62
256
370
-1
 48
1.0
  6
ByLayer
100
AcDbLine
 10
-0.1
 20
-0.14
 30
0.0
 11
0.1
 21
-0.14
 31
0.0
  0
LINE
  5
244
100
AcDbEntity
  8
ANCHORS-BOLTS
 62
256
370
-1
 48
1.0
  6
ByLayer
100
AcDbLine
 10
-0.1
 20
-0.3
 30
0.0
 11
0.1
 21
-0.3
 31
0.0
  0
ENDBLK
  5
245
100
AcDbEntity
  8
0
100
AcDbBlockEnd
  0
BLOCK
  5
246
100
AcDbEntity
  8
0
100
AcDbBlockBegin
  2
TB_BAR_SCALE_1IN500FT
 70
0
 10
0.0
 20
0.0
 30
0.0
  3
TB_BAR_SCALE_1IN500FT
  1

  0
HATCH
  5
247
100
AcDbEntity
  8
SCALE-BAR
 62
7
420
16777215
370
-1
 48
1.0
  6
ByLayer
100
AcDbHatch
 10
0.0
 20
0.0
 30
0.0
210
0.0
220
0.0
230
1.0
  2
SOLID
 70
1
 71
0
 91
2
 92
1
 93
0
 97
0
 92
1
 93
4
 72
1
 10
0.0
 20
0.0
 11
0.5
 21
0.0
 72
1
 10
0.5
 20
0.0
 11
0.5
 21
0.13
 72
1
 10
0.5
 20
0.13
 11
0.0
 21
0.13
 72
1
 10
0.0
 20
0.13
 11
0.0
 21
0.0
 97
0
 75
0
 76
1
 98
0
1001
ACAD
1010
0.0
1020
0.0
1030
0
  0
LWPOLYLINE
  5
248
100
AcDbEntity
  8
SCALE-BAR
 62
256
370
-1
 48
1.0
  6
ByLayer
100
AcDbPolyline
 90
4
 70
1
 10
0.0
 20
0.0
 10
0.5
 20
0.0
 10
0.5
 20
0.13
 10
0.0
 20
0.13
  0
LWPOLYLINE
  5
249
100
AcDbEntity
  8
SCALE-BAR
 62
256
370
-1
 48
1.0
  6
ByLayer
100
AcDbPolyline
 90
4
 70
1
 10
0.5
 20
0.0
 10
1.0
 20
0.0
 10
1.0
 20
0.13
 10
0.5
 20
0.13
  0
LINE
  5
24A
100
AcDbEntity
  8
SCALE-BAR
 62
256
370
-1
 48
1.0
  6
ByLayer
100
AcDbLine
 10
1.0
 20
0.065
 30
0.0
 11
3.0
 21
0.065
 31
0.0
  0
LINE
  5
24B
100
AcDbEntity
  8
SCALE-BAR
 62
256
370
-1
 48
1.0
  6
ByLayer
100
AcDbLine
 10
0.0
 20
-0.05
 30
0.0
 11
0.0
 21
0.18
 31
0.0
  0
TEXT
  5
24C
100
AcDbEntity
  8
SCALE-BAR
 62
256
370
-1
 48
1.0
  6
ByLayer
100
AcDbText
 10
0.0
 20
-0.1
 30
0.0
 40
0.11
  1
0
 50
0.0
 41
1.0
  7
textstyle28
 71
0
 72
1
 11
0.0
 21
-0.1
 31
0.0
100
AcDbText
 73
3
  0
LINE
  5
24D
100
AcDbEntity
  8
SCALE-BAR
 62
256
370
-1
 48
1.0
  6
ByLayer
100
AcDbLine
 10
0.5
 20
-0.05
 30
0.0
 11
0.5
 21
0.18
 31
0.0
  0
TEXT
  5
24E
100
AcDbEntity
  8
SCALE-BAR
 62
256
370
-1
 48
1.0
  6
ByLayer
100
AcDbText
 10
0.5
 20
-0.1
 30
0.0
 40
0.11
  1
250
 50
0.0
 41
1.0
  7
textstyle97
 71
0
 72
1
 11
0.5
 21
-0.1
 31
0.0
100
AcDbText
 73
3
  0
LINE
  5
24F
100
AcDbEntity
  8
SCALE-BAR
 62
256
370
-1
 48
1.0
  6
ByLayer
100
AcDbLine
 10
1.0
 20
-0.05
 30
0.0
 11
1.0
 21
0.18
 31
0.0
  0
TEXT
  5
250
100
AcDbEntity
  8
SCALE-BAR
 62
256
370
-1
 48
1.0
  6
ByLayer
100
AcDbText
 10
1.0
 20
-0.1
 30
0.0
 40
0.11
  1
500
 50
0.0
 41
1.0
  7
textstyle82
 71
0
 72
1
 11
1.0
 21
-0.1
 31
0.0
100
AcDbText
 73
3
  0
LINE
  5
251
100
AcDbEntity
  8
SCALE-BAR
 62
256
370
-1
 48
1.0
  6
ByLayer
100
AcDbLine
 10
2.0
 20
-0.05
 30
0.0
 11
2.0
 21
0.18
 31
0.0
  0
TEXT
  5
252
100
AcDbEntity
  8
SCALE-BAR
 62
256
370
-1
 48
1.0
  6
ByLayer
100
AcDbText
 10
2.0
 20
-0.1
 30
0.0
 40
0.11
  1
1000
 50
0.0
 41
1.0
  7
textstyle102
 71
0
 72
1
 11
2.0
 21
-0.1
 31
0.0
100
AcDbText
 73
3
  0
LINE
  5
253
100
AcDbEntity
  8
SCALE-BAR
 62
256
370
-1
 48
1.0
  6
ByLayer
100
AcDbLine
 10
3.0
 20
-0.05
 30
0.0
 11
3.0
 21
0.18
 31
0.0
  0
TEXT
  5
254
100
AcDbEntity
  8
SCALE-BAR
 62
256
370
-1
 48
1.0
  6
ByLayer
100
AcDbText
 10
3.0
 20
-0.1
 30
0.0
 40
0.11
  1
1500
 50
0.0
 41
1.0
  7
textstyle72
 71
0
 72
1
 11
3.0
 21
-0.1
 31
0.0
100
AcDbText
 73
3
  0
TEXT
  5
255
100
AcDbEntity
  8
SCALE-BAR
 62
256
370
-1
 48
1.0
  6
ByLayer
100
AcDbText
 10
0.0
 20
0.48
 30
0.0
 40
0.14
  1
SCALE: 1" = 500 FT
 50
0.0
 41
1.0
  7
textstyle42
 71
0
 72
0
 11
0.0
 21
0.48
 31
0.0
100
AcDbText
 73
1
  0
ENDBLK
  5
256
100
AcDbEntity
  8
0
100
AcDbBlockEnd
  0
BLOCK
  5
257
100
AcDbEntity
  8
0
100
AcDbBlockBegin
  2
SYM_ANASTOMOSIS
 70
0
 10
0.0
 20
0.0
 30
0.0
  3
SYM_ANASTOMOSIS
  1

  0
ARC
  5
258
100
AcDbEntity
  8
GEOLOGY-JOINTS-FRACTURES
 62
256
370
-1
 48
1.0
  6
ByLayer
100
AcDbCircle
 10
0.0
 20
0.0
 30
0.0
 40
0.3
100
AcDbArc
 50
20.0
 51
160.0
  0
ARC
  5
259
100
AcDbEntity
  8
GEOLOGY-JOINTS-FRACTURES
 62
256
370
-1
 48
1.0
  6
ByLayer
100
AcDbCircle
 10
0.0
 20
0.0
 30
0.0
 40
0.3
100
AcDbArc
 50
200.0
 51
340.0000000000000568
  0
ARC
  5
25A
100
AcDbEntity
  8
GEOLOGY-JOINTS-FRACTURES
 62
256
370
-1
 48
1.0
  6
ByLayer
100
AcDbCircle
 10
0.0
 20
0.0
 30
0.0
 40
0.14
100
AcDbArc
 50
20.0
 51
160.0
  0
ARC
  5
25B
100
AcDbEntity
  8
GEOLOGY-JOINTS-FRACTURES
 62
256
370
-1
 48
1.0
  6
ByLayer
100
AcDbCircle
 10
0.0
 20
0.0
 30
0.0
 40
0.14
100
AcDbArc
 50
200.0
 51
340.0000000000000568
  0
LINE
  5
25C
100
AcDbEntity
  8
GEOLOGY-JOINTS-FRACTURES
 62
256
370
-1
 48
1.0
  6
ByLayer
100
AcDbLine
 10
-0.3
 20
0.0
 30
0.0
 11
-0.14
 21
0.0
 31
0.0
  0
LINE
  5
25D
100
AcDbEntity
  8
GEOLOGY-JOINTS-FRACTURES
 62
256
370
-1
 48
1.0
  6
ByLayer
100
AcDbLine
 10
0.14
 20
0.0
 30
0.0
 11
0.3
 21
0.0
 31
0.0
  0
ENDBLK
  5
25E
100
AcDbEntity
  8
0
100
AcDbBlockEnd
  0
BLOCK
  5
25F
100
AcDbEntity
  8
0
100
AcDbBlockBegin
  2
TB_BAR_SCALE_1IN200FT
 70
0
 10
0.0
 20
0.0
 30
0.0
  3
TB_BAR_SCALE_1IN200FT
  1

  0
HATCH
  5
260
100
AcDbEntity
  8
SCALE-BAR
 62
7
420
16777215
370
-1
 48
1.0
  6
ByLayer
100
AcDbHatch
 10
0.0
 20
0.0
 30
0.0
210
0.0
220
0.0
230
1.0
  2
SOLID
 70
1
 71
0
 91
2
 92
1
 93
0
 97
0
 92
1
 93
4
 72
1
 10
0.0
 20
0.0
 11
0.5
 21
0.0
 72
1
 10
0.5
 20
0.0
 11
0.5
 21
0.13
 72
1
 10
0.5
 20
0.13
 11
0.0
 21
0.13
 72
1
 10
0.0
 20
0.13
 11
0.0
 21
0.0
 97
0
 75
0
 76
1
 98
0
1001
ACAD
1010
0.0
1020
0.0
1030
0
  0
LWPOLYLINE
  5
261
100
AcDbEntity
  8
SCALE-BAR
 62
256
370
-1
 48
1.0
  6
ByLayer
100
AcDbPolyline
 90
4
 70
1
 10
0.0
 20
0.0
 10
0.5
 20
0.0
 10
0.5
 20
0.13
 10
0.0
 20
0.13
  0
LWPOLYLINE
  5
262
100
AcDbEntity
  8
SCALE-BAR
 62
256
370
-1
 48
1.0
  6
ByLayer
100
AcDbPolyline
 90
4
 70
1
 10
0.5
 20
0.0
 10
1.0
 20
0.0
 10
1.0
 20
0.13
 10
0.5
 20
0.13
  0
LINE
  5
263
100
AcDbEntity
  8
SCALE-BAR
 62
256
370
-1
 48
1.0
  6
ByLayer
100
AcDbLine
 10
1.0
 20
0.065
 30
0.0
 11
3.0
 21
0.065
 31
0.0
  0
LINE
  5
264
100
AcDbEntity
  8
SCALE-BAR
 62
256
370
-1
 48
1.0
  6
ByLayer
100
AcDbLine
 10
0.0
 20
-0.05
 30
0.0
 11
0.0
 21
0.18
 31
0.0
  0
TEXT
  5
265
100
AcDbEntity
  8
SCALE-BAR
 62
256
370
-1
 48
1.0
  6
ByLayer
100
AcDbText
 10
0.0
 20
-0.1
 30
0.0
 40
0.11
  1
0
 50
0.0
 41
1.0
  7
textstyle1
 71
0
 72
1
 11
0.0
 21
-0.1
 31
0.0
100
AcDbText
 73
3
  0
LINE
  5
266
100
AcDbEntity
  8
SCALE-BAR
 62
256
370
-1
 48
1.0
  6
ByLayer
100
AcDbLine
 10
0.5
 20
-0.05
 30
0.0
 11
0.5
 21
0.18
 31
0.0
  0
TEXT
  5
267
100
AcDbEntity
  8
SCALE-BAR
 62
256
370
-1
 48
1.0
  6
ByLayer
100
AcDbText
 10
0.5
 20
-0.1
 30
0.0
 40
0.11
  1
100
 50
0.0
 41
1.0
  7
textstyle58
 71
0
 72
1
 11
0.5
 21
-0.1
 31
0.0
100
AcDbText
 73
3
  0
LINE
  5
268
100
AcDbEntity
  8
SCALE-BAR
 62
256
370
-1
 48
1.0
  6
ByLayer
100
AcDbLine
 10
1.0
 20
-0.05
 30
0.0
 11
1.0
 21
0.18
 31
0.0
  0
TEXT
  5
269
100
AcDbEntity
  8
SCALE-BAR
 62
256
370
-1
 48
1.0
  6
ByLayer
100
AcDbText
 10
1.0
 20
-0.1
 30
0.0
 40
0.11
  1
200
 50
0.0
 41
1.0
  7
textstyle2
 71
0
 72
1
 11
1.0
 21
-0.1
 31
0.0
100
AcDbText
 73
3
  0
LINE
  5
26A
100
AcDbEntity
  8
SCALE-BAR
 62
256
370
-1
 48
1.0
  6
ByLayer
100
AcDbLine
 10
2.0
 20
-0.05
 30
0.0
 11
2.0
 21
0.18
 31
0.0
  0
TEXT
  5
26B
100
AcDbEntity
  8
SCALE-BAR
 62
256
370
-1
 48
1.0
  6
ByLayer
100
AcDbText
 10
2.0
 20
-0.1
 30
0.0
 40
0.11
  1
400
 50
0.0
 41
1.0
  7
textstyle18
 71
0
 72
1
 11
2.0
 21
-0.1
 31
0.0
100
AcDbText
 73
3
  0
LINE
  5
26C
100
AcDbEntity
  8
SCALE-BAR
 62
256
370
-1
 48
1.0
  6
ByLayer
100
AcDbLine
 10
3.0
 20
-0.05
 30
0.0
 11
3.0
 21
0.18
 31
0.0
  0
TEXT
  5
26D
100
AcDbEntity
  8
SCALE-BAR
 62
256
370
-1
 48
1.0
  6
ByLayer
100
AcDbText
 10
3.0
 20
-0.1
 30
0.0
 40
0.11
  1
600
 50
0.0
 41
1.0
  7
textstyle60
 71
0
 72
1
 11
3.0
 21
-0.1
 31
0.0
100
AcDbText
 73
3
  0
TEXT
  5
26E
100
AcDbEntity
  8
SCALE-BAR
 62
256
370
-1
 48
1.0
  6
ByLayer
100
AcDbText
 10
0.0
 20
0.48
 30
0.0
 40
0.14
  1
SCALE: 1" = 200 FT
 50
0.0
 41
1.0
  7
textstyle106
 71
0
 72
0
 11
0.0
 21
0.48
 31
0.0
100
AcDbText
 73
1
  0
ENDBLK
  5
26F
100
AcDbEntity
  8
0
100
AcDbBlockEnd
  0
BLOCK
  5
270
100
AcDbEntity
  8
0
100
AcDbBlockBegin
  2
SYM_SUMP
 70
0
 10
0.0
 20
0.0
 30
0.0
  3
SYM_SUMP
  1

  0
CIRCLE
  5
271
100
AcDbEntity
  8
WATER-POOL-SUMP
 62
256
370
-1
 48
1.0
  6
ByLayer
100
AcDbCircle
 10
0.0
 20
0.0
 30
0.0
 40
0.35
  0
LINE
  5
272
100
AcDbEntity
  8
WATER-POOL-SUMP
 62
256
370
-1
 48
1.0
  6
ByLayer
100
AcDbLine
 10
-0.22
 20
-0.22
 30
0.0
 11
0.22
 21
0.22
 31
0.0
  0
LINE
  5
273
100
AcDbEntity
  8
WATER-POOL-SUMP
 62
256
370
-1
 48
1.0
  6
ByLayer
100
AcDbLine
 10
-0.22
 20
0.22
 30
0.0
 11
0.22
 21
-0.22
 31
0.0
  0
ENDBLK
  5
274
100
AcDbEntity
  8
0
100
AcDbBlockEnd
  0
BLOCK
  5
275
100
AcDbEntity
  8
0
100
AcDbBlockBegin
  2
SYM_CLAY_MUD_TICK
 70
0
 10
0.0
 20
0.0
 30
0.0
  3
SYM_CLAY_MUD_TICK
  1

  0
LINE
  5
276
100
AcDbEntity
  8
SEDIMENT-CLAY-MUD
 62
256
370
-1
 48
1.0
  6
ByLayer
100
AcDbLine
 10
-0.2
 20
-0.15
 30
0.0
 11
0.2
 21
0.15
 31
0.0
  0
ENDBLK
  5
277
100
AcDbEntity
  8
0
100
AcDbBlockEnd
  0
BLOCK
  5
278
100
AcDbEntity
  8
0
100
AcDbBlockBegin
  2
TB_BAR_SCALE_1IN30FT
 70
0
 10
0.0
 20
0.0
 30
0.0
  3
TB_BAR_SCALE_1IN30FT
  1

  0
HATCH
  5
279
100
AcDbEntity
  8
SCALE-BAR
 62
7
420
16777215
370
-1
 48
1.0
  6
ByLayer
100
AcDbHatch
 10
0.0
 20
0.0
 30
0.0
210
0.0
220
0.0
230
1.0
  2
SOLID
 70
1
 71
0
 91
2
 92
1
 93
0
 97
0
 92
1
 93
4
 72
1
 10
0.0
 20
0.0
 11
0.5
 21
0.0
 72
1
 10
0.5
 20
0.0
 11
0.5
 21
0.13
 72
1
 10
0.5
 20
0.13
 11
0.0
 21
0.13
 72
1
 10
0.0
 20
0.13
 11
0.0
 21
0.0
 97
0
 75
0
 76
1
 98
0
1001
ACAD
1010
0.0
1020
0.0
1030
0
  0
LWPOLYLINE
  5
27A
100
AcDbEntity
  8
SCALE-BAR
 62
256
370
-1
 48
1.0
  6
ByLayer
100
AcDbPolyline
 90
4
 70
1
 10
0.0
 20
0.0
 10
0.5
 20
0.0
 10
0.5
 20
0.13
 10
0.0
 20
0.13
  0
LWPOLYLINE
  5
27B
100
AcDbEntity
  8
SCALE-BAR
 62
256
370
-1
 48
1.0
  6
ByLayer
100
AcDbPolyline
 90
4
 70
1
 10
0.5
 20
0.0
 10
1.0
 20
0.0
 10
1.0
 20
0.13
 10
0.5
 20
0.13
  0
LINE
  5
27C
100
AcDbEntity
  8
SCALE-BAR
 62
256
370
-1
 48
1.0
  6
ByLayer
100
AcDbLine
 10
1.0
 20
0.065
 30
0.0
 11
3.0
 21
0.065
 31
0.0
  0
LINE
  5
27D
100
AcDbEntity
  8
SCALE-BAR
 62
256
370
-1
 48
1.0
  6
ByLayer
100
AcDbLine
 10
0.0
 20
-0.05
 30
0.0
 11
0.0
 21
0.18
 31
0.0
  0
TEXT
  5
27E
100
AcDbEntity
  8
SCALE-BAR
 62
256
370
-1
 48
1.0
  6
ByLayer
100
AcDbText
 10
0.0
 20
-0.1
 30
0.0
 40
0.11
  1
0
 50
0.0
 41
1.0
  7
textstyle96
 71
0
 72
1
 11
0.0
 21
-0.1
 31
0.0
100
AcDbText
 73
3
  0
LINE
  5
27F
100
AcDbEntity
  8
SCALE-BAR
 62
256
370
-1
 48
1.0
  6
ByLayer
100
AcDbLine
 10
0.5
 20
-0.05
 30
0.0
 11
0.5
 21
0.18
 31
0.0
  0
TEXT
  5
280
100
AcDbEntity
  8
SCALE-BAR
 62
256
370
-1
 48
1.0
  6
ByLayer
100
AcDbText
 10
0.5
 20
-0.1
 30
0.0
 40
0.11
  1
15
 50
0.0
 41
1.0
  7
textstyle71
 71
0
 72
1
 11
0.5
 21
-0.1
 31
0.0
100
AcDbText
 73
3
  0
LINE
  5
281
100
AcDbEntity
  8
SCALE-BAR
 62
256
370
-1
 48
1.0
  6
ByLayer
100
AcDbLine
 10
1.0
 20
-0.05
 30
0.0
 11
1.0
 21
0.18
 31
0.0
  0
TEXT
  5
282
100
AcDbEntity
  8
SCALE-BAR
 62
256
370
-1
 48
1.0
  6
ByLayer
100
AcDbText
 10
1.0
 20
-0.1
 30
0.0
 40
0.11
  1
30
 50
0.0
 41
1.0
  7
textstyle41
 71
0
 72
1
 11
1.0
 21
-0.1
 31
0.0
100
AcDbText
 73
3
  0
LINE
  5
283
100
AcDbEntity
  8
SCALE-BAR
 62
256
370
-1
 48
1.0
  6
ByLayer
100
AcDbLine
 10
2.0
 20
-0.05
 30
0.0
 11
2.0
 21
0.18
 31
0.0
  0
TEXT
  5
284
100
AcDbEntity
  8
SCALE-BAR
 62
256
370
-1
 48
1.0
  6
ByLayer
100
AcDbText
 10
2.0
 20
-0.1
 30
0.0
 40
0.11
  1
60
 50
0.0
 41
1.0
  7
textstyle22
 71
0
 72
1
 11
2.0
 21
-0.1
 31
0.0
100
AcDbText
 73
3
  0
LINE
  5
285
100
AcDbEntity
  8
SCALE-BAR
 62
256
370
-1
 48
1.0
  6
ByLayer
100
AcDbLine
 10
3.0
 20
-0.05
 30
0.0
 11
3.0
 21
0.18
 31
0.0
  0
TEXT
  5
286
100
AcDbEntity
  8
SCALE-BAR
 62
256
370
-1
 48
1.0
  6
ByLayer
100
AcDbText
 10
3.0
 20
-0.1
 30
0.0
 40
0.11
  1
90
 50
0.0
 41
1.0
  7
textstyle11
 71
0
 72
1
 11
3.0
 21
-0.1
 31
0.0
100
AcDbText
 73
3
  0
TEXT
  5
287
100
AcDbEntity
  8
SCALE-BAR
 62
256
370
-1
 48
1.0
  6
ByLayer
100
AcDbText
 10
0.0
 20
0.48
 30
0.0
 40
0.14
  1
SCALE: 1" = 30 FT
 50
0.0
 41
1.0
  7
textstyle79
 71
0
 72
0
 11
0.0
 21
0.48
 31
0.0
100
AcDbText
 73
1
  0
ENDBLK
  5
288
100
AcDbEntity
  8
0
100
AcDbBlockEnd
  0
BLOCK
  5
289
100
AcDbEntity
  8
0
100
AcDbBlockBegin
  2
SYM_GUANO
 70
0
 10
0.0
 20
0.0
 30
0.0
  3
SYM_GUANO
  1

  0
LINE
  5
28A
100
AcDbEntity
  8
GUANO
 62
256
370
-1
 48
1.0
  6
ByLayer
100
AcDbLine
 10
-0.15
 20
-0.15
 30
0.0
 11
0.15
 21
0.15
 31
0.0
  0
LINE
  5
28B
100
AcDbEntity
  8
GUANO
 62
256
370
-1
 48
1.0
  6
ByLayer
100
AcDbLine
 10
-0.15
 20
0.15
 30
0.0
 11
0.15
 21
-0.15
 31
0.0
  0
ENDBLK
  5
28C
100
AcDbEntity
  8
0
100
AcDbBlockEnd
  0
BLOCK
  5
28D
100
AcDbEntity
  8
0
100
AcDbBlockBegin
  2
SYM_STALAGMITE
 70
0
 10
0.0
 20
0.0
 30
0.0
  3
SYM_STALAGMITE
  1

  0
LWPOLYLINE
  5
28E
100
AcDbEntity
  8
FORMATIONS-DRIP
 62
256
370
-1
 48
1.0
  6
ByLayer
100
AcDbPolyline
 90
3
 70
1
 10
-0.25
 20
-0.5
 10
0.25
 20
-0.5
 10
0.0
 20
0.5
  0
ENDBLK
  5
28F
100
AcDbEntity
  8
0
100
AcDbBlockEnd
  0
BLOCK
  5
290
100
AcDbEntity
  8
0
100
AcDbBlockBegin
  2
SYM_SIPHON
 70
0
 10
0.0
 20
0.0
 30
0.0
  3
SYM_SIPHON
  1

  0
ARC
  5
291
100
AcDbEntity
  8
WATER-SIPHON
 62
256
370
-1
 48
1.0
  6
ByLayer
100
AcDbCircle
 10
0.0
 20
0.1
 30
0.0
 40
0.3
100
AcDbArc
 50
180.0
 51
360.0
  0
LWPOLYLINE
  5
292
100
AcDbEntity
  8
WATER-SIPHON
 62
256
370
-1
 48
1.0
  6
ByLayer
100
AcDbPolyline
 90
2
 70
0
 10
0.0
 20
0.1
 10
0.0
 20
-0.55
  0
LWPOLYLINE
  5
293
100
AcDbEntity
  8
WATER-SIPHON
 62
256
370
-1
 48
1.0
  6
ByLayer
100
AcDbPolyline
 90
3
 70
0
 10
-0.18
 20
-0.35
 10
0.0
 20
-0.55
 10
0.18
 20
-0.35
  0
ENDBLK
  5
294
100
AcDbEntity
  8
0
100
AcDbBlockEnd
  0
BLOCK
  5
295
100
AcDbEntity
  8
0
100
AcDbBlockBegin
  2
TB_BAR_SCALE_1IN400FT
 70
0
 10
0.0
 20
0.0
 30
0.0
  3
TB_BAR_SCALE_1IN400FT
  1

  0
HATCH
  5
296
100
AcDbEntity
  8
SCALE-BAR
 62
7
420
16777215
370
-1
 48
1.0
  6
ByLayer
100
AcDbHatch
 10
0.0
 20
0.0
 30
0.0
210
0.0
220
0.0
230
1.0
  2
SOLID
 70
1
 71
0
 91
2
 92
1
 93
0
 97
0
 92
1
 93
4
 72
1
 10
0.0
 20
0.0
 11
0.5
 21
0.0
 72
1
 10
0.5
 20
0.0
 11
0.5
 21
0.13
 72
1
 10
0.5
 20
0.13
 11
0.0
 21
0.13
 72
1
 10
0.0
 20
0.13
 11
0.0
 21
0.0
 97
0
 75
0
 76
1
 98
0
1001
ACAD
1010
0.0
1020
0.0
1030
0
  0
LWPOLYLINE
  5
297
100
AcDbEntity
  8
SCALE-BAR
 62
256
370
-1
 48
1.0
  6
ByLayer
100
AcDbPolyline
 90
4
 70
1
 10
0.0
 20
0.0
 10
0.5
 20
0.0
 10
0.5
 20
0.13
 10
0.0
 20
0.13
  0
LWPOLYLINE
  5
298
100
AcDbEntity
  8
SCALE-BAR
 62
256
370
-1
 48
1.0
  6
ByLayer
100
AcDbPolyline
 90
4
 70
1
 10
0.5
 20
0.0
 10
1.0
 20
0.0
 10
1.0
 20
0.13
 10
0.5
 20
0.13
  0
LINE
  5
299
100
AcDbEntity
  8
SCALE-BAR
 62
256
370
-1
 48
1.0
  6
ByLayer
100
AcDbLine
 10
1.0
 20
0.065
 30
0.0
 11
3.0
 21
0.065
 31
0.0
  0
LINE
  5
29A
100
AcDbEntity
  8
SCALE-BAR
 62
256
370
-1
 48
1.0
  6
ByLayer
100
AcDbLine
 10
0.0
 20
-0.05
 30
0.0
 11
0.0
 21
0.18
 31
0.0
  0
TEXT
  5
29B
100
AcDbEntity
  8
SCALE-BAR
 62
256
370
-1
 48
1.0
  6
ByLayer
100
AcDbText
 10
0.0
 20
-0.1
 30
0.0
 40
0.11
  1
0
 50
0.0
 41
1.0
  7
textstyle88
 71
0
 72
1
 11
0.0
 21
-0.1
 31
0.0
100
AcDbText
 73
3
  0
LINE
  5
29C
100
AcDbEntity
  8
SCALE-BAR
 62
256
370
-1
 48
1.0
  6
ByLayer
100
AcDbLine
 10
0.5
 20
-0.05
 30
0.0
 11
0.5
 21
0.18
 31
0.0
  0
TEXT
  5
29D
100
AcDbEntity
  8
SCALE-BAR
 62
256
370
-1
 48
1.0
  6
ByLayer
100
AcDbText
 10
0.5
 20
-0.1
 30
0.0
 40
0.11
  1
200
 50
0.0
 41
1.0
  7
textstyle27
 71
0
 72
1
 11
0.5
 21
-0.1
 31
0.0
100
AcDbText
 73
3
  0
LINE
  5
29E
100
AcDbEntity
  8
SCALE-BAR
 62
256
370
-1
 48
1.0
  6
ByLayer
100
AcDbLine
 10
1.0
 20
-0.05
 30
0.0
 11
1.0
 21
0.18
 31
0.0
  0
TEXT
  5
29F
100
AcDbEntity
  8
SCALE-BAR
 62
256
370
-1
 48
1.0
  6
ByLayer
100
AcDbText
 10
1.0
 20
-0.1
 30
0.0
 40
0.11
  1
400
 50
0.0
 41
1.0
  7
textstyle83
 71
0
 72
1
 11
1.0
 21
-0.1
 31
0.0
100
AcDbText
 73
3
  0
LINE
  5
2A0
100
AcDbEntity
  8
SCALE-BAR
 62
256
370
-1
 48
1.0
  6
ByLayer
100
AcDbLine
 10
2.0
 20
-0.05
 30
0.0
 11
2.0
 21
0.18
 31
0.0
  0
TEXT
  5
2A1
100
AcDbEntity
  8
SCALE-BAR
 62
256
370
-1
 48
1.0
  6
ByLayer
100
AcDbText
 10
2.0
 20
-0.1
 30
0.0
 40
0.11
  1
800
 50
0.0
 41
1.0
  7
textstyle73
 71
0
 72
1
 11
2.0
 21
-0.1
 31
0.0
100
AcDbText
 73
3
  0
LINE
  5
2A2
100
AcDbEntity
  8
SCALE-BAR
 62
256
370
-1
 48
1.0
  6
ByLayer
100
AcDbLine
 10
3.0
 20
-0.05
 30
0.0
 11
3.0
 21
0.18
 31
0.0
  0
TEXT
  5
2A3
100
AcDbEntity
  8
SCALE-BAR
 62
256
370
-1
 48
1.0
  6
ByLayer
100
AcDbText
 10
3.0
 20
-0.1
 30
0.0
 40
0.11
  1
1200
 50
0.0
 41
1.0
  7
textstyle45
 71
0
 72
1
 11
3.0
 21
-0.1
 31
0.0
100
AcDbText
 73
3
  0
TEXT
  5
2A4
100
AcDbEntity
  8
SCALE-BAR
 62
256
370
-1
 48
1.0
  6
ByLayer
100
AcDbText
 10
0.0
 20
0.48
 30
0.0
 40
0.14
  1
SCALE: 1" = 400 FT
 50
0.0
 41
1.0
  7
textstyle104
 71
0
 72
0
 11
0.0
 21
0.48
 31
0.0
100
AcDbText
 73
1
  0
ENDBLK
  5
2A5
100
AcDbEntity
  8
0
100
AcDbBlockEnd
  0
BLOCK
  5
2A6
100
AcDbEntity
  8
0
100
AcDbBlockBegin
  2
SYM_BREAKDOWN_B
 70
0
 10
0.0
 20
0.0
 30
0.0
  3
SYM_BREAKDOWN_B
  1

  0
LWPOLYLINE
  5
2A7
100
AcDbEntity
  8
BREAKDOWN
 62
256
370
-1
 48
1.0
  6
ByLayer
100
AcDbPolyline
 90
4
 70
1
 10
-0.55
 20
0.05
 10
-0.25
 20
0.35
 10
0.05
 20
0.15
 10
-0.15
 20
-0.2
  0
LWPOLYLINE
  5
2A8
100
AcDbEntity
  8
BREAKDOWN
 62
256
370
-1
 48
1.0
  6
ByLayer
100
AcDbPolyline
 90
4
 70
1
 10
0.1
 20
-0.3
 10
0.45
 20
-0.15
 10
0.55
 20
-0.45
 10
0.25
 20
-0.55
  0
LWPOLYLINE
  5
2A9
100
AcDbEntity
  8
BREAKDOWN
 62
256
370
-1
 48
1.0
  6
ByLayer
100
AcDbPolyline
 90
4
 70
1
 10
-0.1
 20
0.35
 10
0.2
 20
0.55
 10
0.4
 20
0.3
 10
0.15
 20
0.15
  0
ENDBLK
  5
2AA
100
AcDbEntity
  8
0
100
AcDbBlockEnd
  0
BLOCK
  5
2AB
100
AcDbEntity
  8
0
100
AcDbBlockBegin
  2
SYM_EX_VOTO
 70
0
 10
0.0
 20
0.0
 30
0.0
  3
SYM_EX_VOTO
  1

  0
CIRCLE
  5
2AC
100
AcDbEntity
  8
ARCHAEOLOGY
 62
256
370
-1
 48
1.0
  6
ByLayer
100
AcDbCircle
 10
0.0
 20
0.0
 30
0.0
 40
0.26
  0
LINE
  5
2AD
100
AcDbEntity
  8
ARCHAEOLOGY
 62
256
370
-1
 48
1.0
  6
ByLayer
100
AcDbLine
 10
0.0
 20
-0.18
 30
0.0
 11
0.0
 21
0.18
 31
0.0
  0
LINE
  5
2AE
100
AcDbEntity
  8
ARCHAEOLOGY
 62
256
370
-1
 48
1.0
  6
ByLayer
100
AcDbLine
 10
-0.12
 20
0.06
 30
0.0
 11
0.12
 21
0.06
 31
0.0
  0
ENDBLK
  5
2AF
100
AcDbEntity
  8
0
100
AcDbBlockEnd
  0
BLOCK
  5
2B0
100
AcDbEntity
  8
0
100
AcDbBlockBegin
  2
SYM_CLIMB_ARROW
 70
0
 10
0.0
 20
0.0
 30
0.0
  3
SYM_CLIMB_ARROW
  1

  0
LWPOLYLINE
  5
2B1
100
AcDbEntity
  8
0
 62
0
370
-1
 48
1.0
  6
ByLayer
100
AcDbPolyline
 90
2
 70
0
 10
0.0
 20
-0.5
 10
0.0
 20
0.5
  0
LWPOLYLINE
  5
2B2
100
AcDbEntity
  8
0
 62
0
370
-1
 48
1.0
  6
ByLayer
100
AcDbPolyline
 90
3
 70
0
 10
-0.15
 20
0.25
 10
0.0
 20
0.5
 10
0.15
 20
0.25
  0
ENDBLK
  5
2B3
100
AcDbEntity
  8
0
100
AcDbBlockEnd
  0
BLOCK
  5
2B4
100
AcDbEntity
  8
0
100
AcDbBlockBegin
  2
SYM_CEILING_HEIGHT
 70
0
 10
0.0
 20
0.0
 30
0.0
  3
SYM_CEILING_HEIGHT
  1

  0
CIRCLE
  5
2B5
100
AcDbEntity
  8
CEILING-HEIGHT
 62
256
370
-1
 48
1.0
  6
ByLayer
100
AcDbCircle
 10
0.0
 20
0.0
 30
0.0
 40
0.06
  0
LINE
  5
2B6
100
AcDbEntity
  8
CEILING-HEIGHT
 62
256
370
-1
 48
1.0
  6
ByLayer
100
AcDbLine
 10
0.0
 20
0.06
 30
0.0
 11
0.0
 21
0.5
 31
0.0
  0
ENDBLK
  5
2B7
100
AcDbEntity
  8
0
100
AcDbBlockEnd
  0
BLOCK
  5
2B8
100
AcDbEntity
  8
0
100
AcDbBlockBegin
  2
SYM_DEVIATION
 70
0
 10
0.0
 20
0.0
 30
0.0
  3
SYM_DEVIATION
  1

  0
CIRCLE
  5
2B9
100
AcDbEntity
  8
ANCHORS-BOLTS
 62
256
370
-1
 48
1.0
  6
ByLayer
100
AcDbCircle
 10
0.0
 20
0.0
 30
0.0
 40
0.095
  0
LINE
  5
2BA
100
AcDbEntity
  8
ANCHORS-BOLTS
 62
256
370
-1
 48
1.0
  6
ByLayer
100
AcDbLine
 10
0.09
 20
-0.02
 30
0.0
 11
0.27
 21
-0.1
 31
0.0
  0
CIRCLE
  5
2BB
100
AcDbEntity
  8
ANCHORS-BOLTS
 62
256
370
-1
 48
1.0
  6
ByLayer
100
AcDbCircle
 10
0.345
 20
-0.13
 30
0.0
 40
0.075
  0
LINE
  5
2BC
100
AcDbEntity
  8
ANCHORS-BOLTS
 62
256
370
-1
 48
1.0
  6
ByLayer
100
AcDbLine
 10
0.21
 20
0.55
 30
0.0
 11
0.345
 21
-0.055
 31
0.0
  0
LINE
  5
2BD
100
AcDbEntity
  8
ANCHORS-BOLTS
 62
256
370
-1
 48
1.0
  6
ByLayer
100
AcDbLine
 10
0.345
 20
-0.205
 30
0.0
 11
0.2
 21
-0.66
 31
0.0
  0
ENDBLK
  5
2BE
100
AcDbEntity
  8
0
100
AcDbBlockEnd
  0
BLOCK
  5
2BF
100
AcDbEntity
  8
0
100
AcDbBlockBegin
  2
SYM_GYPSUM
 70
0
 10
0.0
 20
0.0
 30
0.0
  3
SYM_GYPSUM
  1

  0
LINE
  5
2C0
100
AcDbEntity
  8
FORMATIONS-MOONMILK-POPCORN
 62
256
370
-1
 48
1.0
  6
ByLayer
100
AcDbLine
 10
-0.28
 20
-0.2
 30
0.0
 11
-0.12
 21
0.2
 31
0.0
  0
LINE
  5
2C1
100
AcDbEntity
  8
FORMATIONS-MOONMILK-POPCORN
 62
256
370
-1
 48
1.0
  6
ByLayer
100
AcDbLine
 10
-0.12
 20
-0.2
 30
0.0
 11
0.04
 21
0.2
 31
0.0
  0
LINE
  5
2C2
100
AcDbEntity
  8
FORMATIONS-MOONMILK-POPCORN
 62
256
370
-1
 48
1.0
  6
ByLayer
100
AcDbLine
 10
0.04
 20
-0.2
 30
0.0
 11
0.2
 21
0.2
 31
0.0
  0
LINE
  5
2C3
100
AcDbEntity
  8
FORMATIONS-MOONMILK-POPCORN
 62
256
370
-1
 48
1.0
  6
ByLayer
100
AcDbLine
 10
0.2
 20
-0.2
 30
0.0
 11
0.32
 21
0.12
 31
0.0
  0
ENDBLK
  5
2C4
100
AcDbEntity
  8
0
100
AcDbBlockEnd
  0
BLOCK
  5
2C5
100
AcDbEntity
  8
0
100
AcDbBlockBegin
  2
TB_BAR_SCALE_1IN100FT
 70
0
 10
0.0
 20
0.0
 30
0.0
  3
TB_BAR_SCALE_1IN100FT
  1

  0
HATCH
  5
2C6
100
AcDbEntity
  8
SCALE-BAR
 62
7
420
16777215
370
-1
 48
1.0
  6
ByLayer
100
AcDbHatch
 10
0.0
 20
0.0
 30
0.0
210
0.0
220
0.0
230
1.0
  2
SOLID
 70
1
 71
0
 91
2
 92
1
 93
0
 97
0
 92
1
 93
4
 72
1
 10
0.0
 20
0.0
 11
0.5
 21
0.0
 72
1
 10
0.5
 20
0.0
 11
0.5
 21
0.13
 72
1
 10
0.5
 20
0.13
 11
0.0
 21
0.13
 72
1
 10
0.0
 20
0.13
 11
0.0
 21
0.0
 97
0
 75
0
 76
1
 98
0
1001
ACAD
1010
0.0
1020
0.0
1030
0
  0
LWPOLYLINE
  5
2C7
100
AcDbEntity
  8
SCALE-BAR
 62
256
370
-1
 48
1.0
  6
ByLayer
100
AcDbPolyline
 90
4
 70
1
 10
0.0
 20
0.0
 10
0.5
 20
0.0
 10
0.5
 20
0.13
 10
0.0
 20
0.13
  0
LWPOLYLINE
  5
2C8
100
AcDbEntity
  8
SCALE-BAR
 62
256
370
-1
 48
1.0
  6
ByLayer
100
AcDbPolyline
 90
4
 70
1
 10
0.5
 20
0.0
 10
1.0
 20
0.0
 10
1.0
 20
0.13
 10
0.5
 20
0.13
  0
LINE
  5
2C9
100
AcDbEntity
  8
SCALE-BAR
 62
256
370
-1
 48
1.0
  6
ByLayer
100
AcDbLine
 10
1.0
 20
0.065
 30
0.0
 11
3.0
 21
0.065
 31
0.0
  0
LINE
  5
2CA
100
AcDbEntity
  8
SCALE-BAR
 62
256
370
-1
 48
1.0
  6
ByLayer
100
AcDbLine
 10
0.0
 20
-0.05
 30
0.0
 11
0.0
 21
0.18
 31
0.0
  0
TEXT
  5
2CB
100
AcDbEntity
  8
SCALE-BAR
 62
256
370
-1
 48
1.0
  6
ByLayer
100
AcDbText
 10
0.0
 20
-0.1
 30
0.0
 40
0.11
  1
0
 50
0.0
 41
1.0
  7
textstyle103
 71
0
 72
1
 11
0.0
 21
-0.1
 31
0.0
100
AcDbText
 73
3
  0
LINE
  5
2CC
100
AcDbEntity
  8
SCALE-BAR
 62
256
370
-1
 48
1.0
  6
ByLayer
100
AcDbLine
 10
0.5
 20
-0.05
 30
0.0
 11
0.5
 21
0.18
 31
0.0
  0
TEXT
  5
2CD
100
AcDbEntity
  8
SCALE-BAR
 62
256
370
-1
 48
1.0
  6
ByLayer
100
AcDbText
 10
0.5
 20
-0.1
 30
0.0
 40
0.11
  1
50
 50
0.0
 41
1.0
  7
textstyle57
 71
0
 72
1
 11
0.5
 21
-0.1
 31
0.0
100
AcDbText
 73
3
  0
LINE
  5
2CE
100
AcDbEntity
  8
SCALE-BAR
 62
256
370
-1
 48
1.0
  6
ByLayer
100
AcDbLine
 10
1.0
 20
-0.05
 30
0.0
 11
1.0
 21
0.18
 31
0.0
  0
TEXT
  5
2CF
100
AcDbEntity
  8
SCALE-BAR
 62
256
370
-1
 48
1.0
  6
ByLayer
100
AcDbText
 10
1.0
 20
-0.1
 30
0.0
 40
0.11
  1
100
 50
0.0
 41
1.0
  7
textstyle15
 71
0
 72
1
 11
1.0
 21
-0.1
 31
0.0
100
AcDbText
 73
3
  0
LINE
  5
2D0
100
AcDbEntity
  8
SCALE-BAR
 62
256
370
-1
 48
1.0
  6
ByLayer
100
AcDbLine
 10
2.0
 20
-0.05
 30
0.0
 11
2.0
 21
0.18
 31
0.0
  0
TEXT
  5
2D1
100
AcDbEntity
  8
SCALE-BAR
 62
256
370
-1
 48
1.0
  6
ByLayer
100
AcDbText
 10
2.0
 20
-0.1
 30
0.0
 40
0.11
  1
200
 50
0.0
 41
1.0
  7
textstyle113
 71
0
 72
1
 11
2.0
 21
-0.1
 31
0.0
100
AcDbText
 73
3
  0
LINE
  5
2D2
100
AcDbEntity
  8
SCALE-BAR
 62
256
370
-1
 48
1.0
  6
ByLayer
100
AcDbLine
 10
3.0
 20
-0.05
 30
0.0
 11
3.0
 21
0.18
 31
0.0
  0
TEXT
  5
2D3
100
AcDbEntity
  8
SCALE-BAR
 62
256
370
-1
 48
1.0
  6
ByLayer
100
AcDbText
 10
3.0
 20
-0.1
 30
0.0
 40
0.11
  1
300
 50
0.0
 41
1.0
  7
textstyle5
 71
0
 72
1
 11
3.0
 21
-0.1
 31
0.0
100
AcDbText
 73
3
  0
TEXT
  5
2D4
100
AcDbEntity
  8
SCALE-BAR
 62
256
370
-1
 48
1.0
  6
ByLayer
100
AcDbText
 10
0.0
 20
0.48
 30
0.0
 40
0.14
  1
SCALE: 1" = 100 FT
 50
0.0
 41
1.0
  7
textstyle89
 71
0
 72
0
 11
0.0
 21
0.48
 31
0.0
100
AcDbText
 73
1
  0
ENDBLK
  5
2D5
100
AcDbEntity
  8
0
100
AcDbBlockEnd
  0
BLOCK
  5
2D6
100
AcDbEntity
  8
0
100
AcDbBlockBegin
  2
SYM_FIXED_POINT
 70
0
 10
0.0
 20
0.0
 30
0.0
  3
SYM_FIXED_POINT
  1

  0
LWPOLYLINE
  5
2D7
100
AcDbEntity
  8
ANCHORS-BOLTS
 62
256
370
-1
 48
1.0
  6
ByLayer
100
AcDbPolyline
 90
3
 70
1
 10
-0.4
 20
-0.35
 10
0.4
 20
-0.35
 10
0.0
 20
0.45
  0
CIRCLE
  5
2D8
100
AcDbEntity
  8
ANCHORS-BOLTS
 62
256
370
-1
 48
1.0
  6
ByLayer
100
AcDbCircle
 10
0.0
 20
-0.05
 30
0.0
 40
0.05
  0
ENDBLK
  5
2D9
100
AcDbEntity
  8
0
100
AcDbBlockEnd
  0
BLOCK
  5
2DA
100
AcDbEntity
  8
0
100
AcDbBlockBegin
  2
TB_BAR_SCALE_1IN20FT
 70
0
 10
0.0
 20
0.0
 30
0.0
  3
TB_BAR_SCALE_1IN20FT
  1

  0
HATCH
  5
2DB
100
AcDbEntity
  8
SCALE-BAR
 62
7
420
16777215
370
-1
 48
1.0
  6
ByLayer
100
AcDbHatch
 10
0.0
 20
0.0
 30
0.0
210
0.0
220
0.0
230
1.0
  2
SOLID
 70
1
 71
0
 91
2
 92
1
 93
0
 97
0
 92
1
 93
4
 72
1
 10
0.0
 20
0.0
 11
0.5
 21
0.0
 72
1
 10
0.5
 20
0.0
 11
0.5
 21
0.13
 72
1
 10
0.5
 20
0.13
 11
0.0
 21
0.13
 72
1
 10
0.0
 20
0.13
 11
0.0
 21
0.0
 97
0
 75
0
 76
1
 98
0
1001
ACAD
1010
0.0
1020
0.0
1030
0
  0
LWPOLYLINE
  5
2DC
100
AcDbEntity
  8
SCALE-BAR
 62
256
370
-1
 48
1.0
  6
ByLayer
100
AcDbPolyline
 90
4
 70
1
 10
0.0
 20
0.0
 10
0.5
 20
0.0
 10
0.5
 20
0.13
 10
0.0
 20
0.13
  0
LWPOLYLINE
  5
2DD
100
AcDbEntity
  8
SCALE-BAR
 62
256
370
-1
 48
1.0
  6
ByLayer
100
AcDbPolyline
 90
4
 70
1
 10
0.5
 20
0.0
 10
1.0
 20
0.0
 10
1.0
 20
0.13
 10
0.5
 20
0.13
  0
LINE
  5
2DE
100
AcDbEntity
  8
SCALE-BAR
 62
256
370
-1
 48
1.0
  6
ByLayer
100
AcDbLine
 10
1.0
 20
0.065
 30
0.0
 11
3.0
 21
0.065
 31
0.0
  0
LINE
  5
2DF
100
AcDbEntity
  8
SCALE-BAR
 62
256
370
-1
 48
1.0
  6
ByLayer
100
AcDbLine
 10
0.0
 20
-0.05
 30
0.0
 11
0.0
 21
0.18
 31
0.0
  0
TEXT
  5
2E0
100
AcDbEntity
  8
SCALE-BAR
 62
256
370
-1
 48
1.0
  6
ByLayer
100
AcDbText
 10
0.0
 20
-0.1
 30
0.0
 40
0.11
  1
0
 50
0.0
 41
1.0
  7
textstyle49
 71
0
 72
1
 11
0.0
 21
-0.1
 31
0.0
100
AcDbText
 73
3
  0
LINE
  5
2E1
100
AcDbEntity
  8
SCALE-BAR
 62
256
370
-1
 48
1.0
  6
ByLayer
100
AcDbLine
 10
0.5
 20
-0.05
 30
0.0
 11
0.5
 21
0.18
 31
0.0
  0
TEXT
  5
2E2
100
AcDbEntity
  8
SCALE-BAR
 62
256
370
-1
 48
1.0
  6
ByLayer
100
AcDbText
 10
0.5
 20
-0.1
 30
0.0
 40
0.11
  1
10
 50
0.0
 41
1.0
  7
textstyle38
 71
0
 72
1
 11
0.5
 21
-0.1
 31
0.0
100
AcDbText
 73
3
  0
LINE
  5
2E3
100
AcDbEntity
  8
SCALE-BAR
 62
256
370
-1
 48
1.0
  6
ByLayer
100
AcDbLine
 10
1.0
 20
-0.05
 30
0.0
 11
1.0
 21
0.18
 31
0.0
  0
TEXT
  5
2E4
100
AcDbEntity
  8
SCALE-BAR
 62
256
370
-1
 48
1.0
  6
ByLayer
100
AcDbText
 10
1.0
 20
-0.1
 30
0.0
 40
0.11
  1
20
 50
0.0
 41
1.0
  7
textstyle33
 71
0
 72
1
 11
1.0
 21
-0.1
 31
0.0
100
AcDbText
 73
3
  0
LINE
  5
2E5
100
AcDbEntity
  8
SCALE-BAR
 62
256
370
-1
 48
1.0
  6
ByLayer
100
AcDbLine
 10
2.0
 20
-0.05
 30
0.0
 11
2.0
 21
0.18
 31
0.0
  0
TEXT
  5
2E6
100
AcDbEntity
  8
SCALE-BAR
 62
256
370
-1
 48
1.0
  6
ByLayer
100
AcDbText
 10
2.0
 20
-0.1
 30
0.0
 40
0.11
  1
40
 50
0.0
 41
1.0
  7
textstyle43
 71
0
 72
1
 11
2.0
 21
-0.1
 31
0.0
100
AcDbText
 73
3
  0
LINE
  5
2E7
100
AcDbEntity
  8
SCALE-BAR
 62
256
370
-1
 48
1.0
  6
ByLayer
100
AcDbLine
 10
3.0
 20
-0.05
 30
0.0
 11
3.0
 21
0.18
 31
0.0
  0
TEXT
  5
2E8
100
AcDbEntity
  8
SCALE-BAR
 62
256
370
-1
 48
1.0
  6
ByLayer
100
AcDbText
 10
3.0
 20
-0.1
 30
0.0
 40
0.11
  1
60
 50
0.0
 41
1.0
  7
textstyle50
 71
0
 72
1
 11
3.0
 21
-0.1
 31
0.0
100
AcDbText
 73
3
  0
TEXT
  5
2E9
100
AcDbEntity
  8
SCALE-BAR
 62
256
370
-1
 48
1.0
  6
ByLayer
100
AcDbText
 10
0.0
 20
0.48
 30
0.0
 40
0.14
  1
SCALE: 1" = 20 FT
 50
0.0
 41
1.0
  7
textstyle70
 71
0
 72
0
 11
0.0
 21
0.48
 31
0.0
100
AcDbText
 73
1
  0
ENDBLK
  5
2EA
100
AcDbEntity
  8
0
100
AcDbBlockEnd
  0
BLOCK
  5
2EB
100
AcDbEntity
  8
0
100
AcDbBlockBegin
  2
SYM_MOONMILK_POPCORN
 70
0
 10
0.0
 20
0.0
 30
0.0
  3
SYM_MOONMILK_POPCORN
  1

  0
CIRCLE
  5
2EC
100
AcDbEntity
  8
FORMATIONS-MOONMILK-POPCORN
 62
256
370
-1
 48
1.0
  6
ByLayer
100
AcDbCircle
 10
-0.2
 20
0.1
 30
0.0
 40
0.1
  0
CIRCLE
  5
2ED
100
AcDbEntity
  8
FORMATIONS-MOONMILK-POPCORN
 62
256
370
-1
 48
1.0
  6
ByLayer
100
AcDbCircle
 10
0.05
 20
0.2
 30
0.0
 40
0.09
  0
CIRCLE
  5
2EE
100
AcDbEntity
  8
FORMATIONS-MOONMILK-POPCORN
 62
256
370
-1
 48
1.0
  6
ByLayer
100
AcDbCircle
 10
0.2
 20
-0.05
 30
0.0
 40
0.11
  0
CIRCLE
  5
2EF
100
AcDbEntity
  8
FORMATIONS-MOONMILK-POPCORN
 62
256
370
-1
 48
1.0
  6
ByLayer
100
AcDbCircle
 10
-0.05
 20
-0.15
 30
0.0
 40
0.08
  0
CIRCLE
  5
2F0
100
AcDbEntity
  8
FORMATIONS-MOONMILK-POPCORN
 62
256
370
-1
 48
1.0
  6
ByLayer
100
AcDbCircle
 10
0.15
 20
0.12
 30
0.0
 40
0.07
  0
ENDBLK
  5
2F1
100
AcDbEntity
  8
0
100
AcDbBlockEnd
  0
BLOCK
  5
2F2
100
AcDbEntity
  8
0
100
AcDbBlockBegin
  2
AREA_CRYSTAL
 70
0
 10
0.0
 20
0.0
 30
0.0
  3
AREA_CRYSTAL
  1

  0
LINE
  5
2F3
100
AcDbEntity
  8
0
 62
256
370
-1
 48
1.0
  6
ByLayer
100
AcDbLine
 10
-0.25
 20
0.0
 30
0.0
 11
0.25
 21
0.0
 31
0.0
  0
LINE
  5
2F4
100
AcDbEntity
  8
0
 62
256
370
-1
 48
1.0
  6
ByLayer
100
AcDbLine
 10
-0.125
 20
-0.2165063509461096
 30
0.0
 11
0.125
 21
0.2165063509461096
 31
0.0
  0
LINE
  5
2F5
100
AcDbEntity
  8
0
 62
256
370
-1
 48
1.0
  6
ByLayer
100
AcDbLine
 10
0.125
 20
-0.2165063509461097
 30
0.0
 11
-0.125
 21
0.2165063509461097
 31
0.0
  0
ENDBLK
  5
2F6
100
AcDbEntity
  8
0
100
AcDbBlockEnd
  0
BLOCK
  5
2F7
100
AcDbEntity
  8
0
100
AcDbBlockBegin
  2
SYM_FLOW_ARROW
 70
0
 10
0.0
 20
0.0
 30
0.0
  3
SYM_FLOW_ARROW
  1

  0
LWPOLYLINE
  5
2F8
100
AcDbEntity
  8
0
 62
0
370
-1
 48
1.0
  6
ByLayer
100
AcDbPolyline
 90
2
 70
0
 10
-0.35
 20
0.0
 10
0.35
 20
0.0
  0
LWPOLYLINE
  5
2F9
100
AcDbEntity
  8
0
 62
0
370
-1
 48
1.0
  6
ByLayer
100
AcDbPolyline
 90
3
 70
0
 10
0.12
 20
0.14
 10
0.35
 20
0.0
 10
0.12
 20
-0.14
  0
ENDBLK
  5
2FA
100
AcDbEntity
  8
0
100
AcDbBlockEnd
  0
BLOCK
  5
2FB
100
AcDbEntity
  8
0
100
AcDbBlockBegin
  2
SYM_NATURAL_ANCHOR
 70
0
 10
0.0
 20
0.0
 30
0.0
  3
SYM_NATURAL_ANCHOR
  1

  0
LINE
  5
2FC
100
AcDbEntity
  8
ANCHORS-BOLTS
 62
256
370
-1
 48
1.0
  6
ByLayer
100
AcDbLine
 10
-0.24
 20
-0.16
 30
0.0
 11
0.24
 21
-0.16
 31
0.0
  0
LINE
  5
2FD
100
AcDbEntity
  8
ANCHORS-BOLTS
 62
256
370
-1
 48
1.0
  6
ByLayer
100
AcDbLine
 10
0.24
 20
-0.16
 30
0.0
 11
0.02
 21
0.22
 31
0.0
  0
LINE
  5
2FE
100
AcDbEntity
  8
ANCHORS-BOLTS
 62
256
370
-1
 48
1.0
  6
ByLayer
100
AcDbLine
 10
0.02
 20
0.22
 30
0.0
 11
-0.24
 21
-0.16
 31
0.0
  0
ARC
  5
2FF
100
AcDbEntity
  8
ANCHORS-BOLTS
 62
256
370
-1
 48
1.0
  6
ByLayer
100
AcDbCircle
 10
0.0
 20
-0.04
 30
0.0
 40
0.33
100
AcDbArc
 50
200.0
 51
340.0000000000000568
  0
LINE
  5
300
100
AcDbEntity
  8
ANCHORS-BOLTS
 62
256
370
-1
 48
1.0
  6
ByLayer
100
AcDbLine
 10
0.0
 20
-0.37
 30
0.0
 11
0.0
 21
-0.66
 31
0.0
  0
ENDBLK
  5
301
100
AcDbEntity
  8
0
100
AcDbBlockEnd
  0
BLOCK
  5
302
100
AcDbEntity
  8
0
100
AcDbBlockBegin
  2
SYM_TRAVERSE_LINE
 70
0
 10
0.0
 20
0.0
 30
0.0
  3
SYM_TRAVERSE_LINE
  1

  0
CIRCLE
  5
303
100
AcDbEntity
  8
ANCHORS-BOLTS
 62
256
370
-1
 48
1.0
  6
ByLayer
100
AcDbCircle
 10
0.0
 20
0.0
 30
0.0
 40
0.08
  0
CIRCLE
  5
304
100
AcDbEntity
  8
ANCHORS-BOLTS
 62
256
370
-1
 48
1.0
  6
ByLayer
100
AcDbCircle
 10
0.95
 20
0.0
 30
0.0
 40
0.08
  0
LINE
  5
305
100
AcDbEntity
  8
ANCHORS-BOLTS
 62
256
370
-1
 48
1.0
  6
ByLayer
100
AcDbLine
 10
0.08
 20
-0.01
 30
0.0
 11
0.33
 21
-0.11
 31
0.0
  0
LINE
  5
306
100
AcDbEntity
  8
ANCHORS-BOLTS
 62
256
370
-1
 48
1.0
  6
ByLayer
100
AcDbLine
 10
0.33
 20
-0.11
 30
0.0
 11
0.62
 21
-0.11
 31
0.0
  0
LINE
  5
307
100
AcDbEntity
  8
ANCHORS-BOLTS
 62
256
370
-1
 48
1.0
  6
ByLayer
100
AcDbLine
 10
0.62
 20
-0.11
 30
0.0
 11
0.87
 21
-0.01
 31
0.0
  0
ENDBLK
  5
308
100
AcDbEntity
  8
0
100
AcDbBlockEnd
  0
BLOCK
  5
309
100
AcDbEntity
  8
0
100
AcDbBlockBegin
  2
SYM_NARROW_END
 70
0
 10
0.0
 20
0.0
 30
0.0
  3
SYM_NARROW_END
  1

  0
LINE
  5
30A
100
AcDbEntity
  8
NOTES-ANNOTATION
 62
256
370
-1
 48
1.0
  6
ByLayer
100
AcDbLine
 10
-0.34
 20
0.3
 30
0.0
 11
0.1
 21
0.03
 31
0.0
  0
LINE
  5
30B
100
AcDbEntity
  8
NOTES-ANNOTATION
 62
256
370
-1
 48
1.0
  6
ByLayer
100
AcDbLine
 10
-0.34
 20
-0.3
 30
0.0
 11
0.1
 21
-0.03
 31
0.0
  0
LINE
  5
30C
100
AcDbEntity
  8
NOTES-ANNOTATION
 62
256
370
-1
 48
1.0
  6
ByLayer
100
AcDbLine
 10
0.1
 20
0.05
 30
0.0
 11
0.1
 21
-0.05
 31
0.0
  0
LINE
  5
30D
100
AcDbEntity
  8
NOTES-ANNOTATION
 62
256
370
-1
 48
1.0
  6
ByLayer
100
AcDbLine
 10
0.1
 20
0.0
 30
0.0
 11
0.3
 21
0.0
 31
0.0
  0
ENDBLK
  5
30E
100
AcDbEntity
  8
0
100
AcDbBlockEnd
  0
BLOCK
  5
30F
100
AcDbEntity
  8
0
100
AcDbBlockBegin
  2
SYM_GATE
 70
0
 10
0.0
 20
0.0
 30
0.0
  3
SYM_GATE
  1

  0
LINE
  5
310
100
AcDbEntity
  8
ANCHORS-BOLTS
 62
256
370
-1
 48
1.0
  6
ByLayer
100
AcDbLine
 10
-0.34
 20
-0.22
 30
0.0
 11
0.34
 21
-0.22
 31
0.0
  0
LINE
  5
311
100
AcDbEntity
  8
ANCHORS-BOLTS
 62
256
370
-1
 48
1.0
  6
ByLayer
100
AcDbLine
 10
0.34
 20
-0.22
 30
0.0
 11
0.34
 21
0.22
 31
0.0
  0
LINE
  5
312
100
AcDbEntity
  8
ANCHORS-BOLTS
 62
256
370
-1
 48
1.0
  6
ByLayer
100
AcDbLine
 10
0.34
 20
0.22
 30
0.0
 11
-0.34
 21
0.22
 31
0.0
  0
LINE
  5
313
100
AcDbEntity
  8
ANCHORS-BOLTS
 62
256
370
-1
 48
1.0
  6
ByLayer
100
AcDbLine
 10
-0.34
 20
0.22
 30
0.0
 11
-0.34
 21
-0.22
 31
0.0
  0
LINE
  5
314
100
AcDbEntity
  8
ANCHORS-BOLTS
 62
256
370
-1
 48
1.0
  6
ByLayer
100
AcDbLine
 10
-0.34
 20
-0.22
 30
0.0
 11
0.34
 21
0.22
 31
0.0
  0
LINE
  5
315
100
AcDbEntity
  8
ANCHORS-BOLTS
 62
256
370
-1
 48
1.0
  6
ByLayer
100
AcDbLine
 10
-0.34
 20
0.22
 30
0.0
 11
0.34
 21
-0.22
 31
0.0
  0
ENDBLK
  5
316
100
AcDbEntity
  8
0
100
AcDbBlockEnd
  0
BLOCK
  5
317
100
AcDbEntity
  8
0
100
AcDbBlockBegin
  2
SYM_REBELAY
 70
0
 10
0.0
 20
0.0
 30
0.0
  3
SYM_REBELAY
  1

  0
LINE
  5
318
100
AcDbEntity
  8
ANCHORS-BOLTS
 62
256
370
-1
 48
1.0
  6
ByLayer
100
AcDbLine
 10
0.0
 20
0.52
 30
0.0
 11
0.0
 21
0.13
 31
0.0
  0
CIRCLE
  5
319
100
AcDbEntity
  8
ANCHORS-BOLTS
 62
256
370
-1
 48
1.0
  6
ByLayer
100
AcDbCircle
 10
0.0
 20
0.0
 30
0.0
 40
0.105
  0
CIRCLE
  5
31A
100
AcDbEntity
  8
ANCHORS-BOLTS
 62
256
370
-1
 48
1.0
  6
ByLayer
100
AcDbCircle
 10
0.0
 20
-0.2
 30
0.0
 40
0.09
  0
LINE
  5
31B
100
AcDbEntity
  8
ANCHORS-BOLTS
 62
256
370
-1
 48
1.0
  6
ByLayer
100
AcDbLine
 10
0.0
 20
-0.29
 30
0.0
 11
0.0
 21
-0.62
 31
0.0
  0
ENDBLK
  5
31C
100
AcDbEntity
  8
0
100
AcDbBlockEnd
  0
BLOCK
  5
31D
100
AcDbEntity
  8
0
100
AcDbBlockBegin
  2
SYM_DRIP_SEEP
 70
0
 10
0.0
 20
0.0
 30
0.0
  3
SYM_DRIP_SEEP
  1

  0
LWPOLYLINE
  5
31E
100
AcDbEntity
  8
WATER-DRIP-SEEP
 62
256
370
-1
 48
1.0
  6
ByLayer
100
AcDbPolyline
 90
4
 70
1
 10
0.0
 20
0.2
 10
-0.08
 20
-0.05
 10
0.0
 20
-0.2
 10
0.08
 20
-0.05
  0
ENDBLK
  5
31F
100
AcDbEntity
  8
0
100
AcDbBlockEnd
  0
BLOCK
  5
320
100
AcDbEntity
  8
0
100
AcDbBlockBegin
  2
SYM_CAMP
 70
0
 10
0.0
 20
0.0
 30
0.0
  3
SYM_CAMP
  1

  0
LINE
  5
321
100
AcDbEntity
  8
ANCHORS-BOLTS
 62
256
370
-1
 48
1.0
  6
ByLayer
100
AcDbLine
 10
-0.34
 20
-0.22
 30
0.0
 11
0.34
 21
-0.22
 31
0.0
  0
LINE
  5
322
100
AcDbEntity
  8
ANCHORS-BOLTS
 62
256
370
-1
 48
1.0
  6
ByLayer
100
AcDbLine
 10
0.34
 20
-0.22
 30
0.0
 11
0.0
 21
0.3
 31
0.0
  0
LINE
  5
323
100
AcDbEntity
  8
ANCHORS-BOLTS
 62
256
370
-1
 48
1.0
  6
ByLayer
100
AcDbLine
 10
0.0
 20
0.3
 30
0.0
 11
-0.34
 21
-0.22
 31
0.0
  0
LINE
  5
324
100
AcDbEntity
  8
ANCHORS-BOLTS
 62
256
370
-1
 48
1.0
  6
ByLayer
100
AcDbLine
 10
0.0
 20
0.3
 30
0.0
 11
0.0
 21
-0.22
 31
0.0
  0
ENDBLK
  5
325
100
AcDbEntity
  8
0
100
AcDbBlockEnd
  0
BLOCK
  5
326
100
AcDbEntity
  8
0
100
AcDbBlockBegin
  2
SYM_SLOPE_TICK
 70
0
 10
0.0
 20
0.0
 30
0.0
  3
SYM_SLOPE_TICK
  1

  0
LWPOLYLINE
  5
327
100
AcDbEntity
  8
0
 62
0
370
-1
 48
1.0
  6
ByLayer
100
AcDbPolyline
 90
3
 70
1
 10
0.0
 20
0.3
 10
0.05
 20
-0.3
 10
-0.05
 20
-0.3
  0
ENDBLK
  5
328
100
AcDbEntity
  8
0
100
AcDbBlockEnd
  0
BLOCK
  5
329
100
AcDbEntity
  8
0
100
AcDbBlockBegin
  2
SYM_BAT
 70
0
 10
0.0
 20
0.0
 30
0.0
  3
SYM_BAT
  1

  0
CIRCLE
  5
32A
100
AcDbEntity
  8
BIOLOGY
 62
256
370
-1
 48
1.0
  6
ByLayer
100
AcDbCircle
 10
0.0
 20
0.0
 30
0.0
 40
0.07
  0
LINE
  5
32B
100
AcDbEntity
  8
BIOLOGY
 62
256
370
-1
 48
1.0
  6
ByLayer
100
AcDbLine
 10
-0.07
 20
0.03
 30
0.0
 11
-0.18
 21
0.2
 31
0.0
  0
LINE
  5
32C
100
AcDbEntity
  8
BIOLOGY
 62
256
370
-1
 48
1.0
  6
ByLayer
100
AcDbLine
 10
-0.18
 20
0.2
 30
0.0
 11
-0.3
 21
0.08
 31
0.0
  0
LINE
  5
32D
100
AcDbEntity
  8
BIOLOGY
 62
256
370
-1
 48
1.0
  6
ByLayer
100
AcDbLine
 10
-0.3
 20
0.08
 30
0.0
 11
-0.42
 21
0.16
 31
0.0
  0
LINE
  5
32E
100
AcDbEntity
  8
BIOLOGY
 62
256
370
-1
 48
1.0
  6
ByLayer
100
AcDbLine
 10
-0.42
 20
0.16
 30
0.0
 11
-0.52
 21
-0.06
 31
0.0
  0
LINE
  5
32F
100
AcDbEntity
  8
BIOLOGY
 62
256
370
-1
 48
1.0
  6
ByLayer
100
AcDbLine
 10
0.07
 20
0.03
 30
0.0
 11
0.18
 21
0.2
 31
0.0
  0
LINE
  5
330
100
AcDbEntity
  8
BIOLOGY
 62
256
370
-1
 48
1.0
  6
ByLayer
100
AcDbLine
 10
0.18
 20
0.2
 30
0.0
 11
0.3
 21
0.08
 31
0.0
  0
LINE
  5
331
100
AcDbEntity
  8
BIOLOGY
 62
256
370
-1
 48
1.0
  6
ByLayer
100
AcDbLine
 10
0.3
 20
0.08
 30
0.0
 11
0.42
 21
0.16
 31
0.0
  0
LINE
  5
332
100
AcDbEntity
  8
BIOLOGY
 62
256
370
-1
 48
1.0
  6
ByLayer
100
AcDbLine
 10
0.42
 20
0.16
 30
0.0
 11
0.52
 21
-0.06
 31
0.0
  0
LINE
  5
333
100
AcDbEntity
  8
BIOLOGY
 62
256
370
-1
 48
1.0
  6
ByLayer
100
AcDbLine
 10
-0.52
 20
-0.06
 30
0.0
 11
-0.36
 21
0.0
 31
0.0
  0
LINE
  5
334
100
AcDbEntity
  8
BIOLOGY
 62
256
370
-1
 48
1.0
  6
ByLayer
100
AcDbLine
 10
-0.36
 20
0.0
 30
0.0
 11
-0.22
 21
-0.1
 31
0.0
  0
LINE
  5
335
100
AcDbEntity
  8
BIOLOGY
 62
256
370
-1
 48
1.0
  6
ByLayer
100
AcDbLine
 10
-0.22
 20
-0.1
 30
0.0
 11
-0.07
 21
-0.05
 31
0.0
  0
LINE
  5
336
100
AcDbEntity
  8
BIOLOGY
 62
256
370
-1
 48
1.0
  6
ByLayer
100
AcDbLine
 10
0.52
 20
-0.06
 30
0.0
 11
0.36
 21
0.0
 31
0.0
  0
LINE
  5
337
100
AcDbEntity
  8
BIOLOGY
 62
256
370
-1
 48
1.0
  6
ByLayer
100
AcDbLine
 10
0.36
 20
0.0
 30
0.0
 11
0.22
 21
-0.1
 31
0.0
  0
LINE
  5
338
100
AcDbEntity
  8
BIOLOGY
 62
256
370
-1
 48
1.0
  6
ByLayer
100
AcDbLine
 10
0.22
 20
-0.1
 30
0.0
 11
0.07
 21
-0.05
 31
0.0
  0
ENDBLK
  5
339
100
AcDbEntity
  8
0
100
AcDbBlockEnd
  0
BLOCK
  5
33A
100
AcDbEntity
  8
0
100
AcDbBlockBegin
  2
SYM_ROOT
 70
0
 10
0.0
 20
0.0
 30
0.0
  3
SYM_ROOT
  1

  0
LINE
  5
33B
100
AcDbEntity
  8
BIOLOGY
 62
256
370
-1
 48
1.0
  6
ByLayer
100
AcDbLine
 10
0.0
 20
0.5
 30
0.0
 11
0.0
 21
0.0
 31
0.0
  0
LINE
  5
33C
100
AcDbEntity
  8
BIOLOGY
 62
256
370
-1
 48
1.0
  6
ByLayer
100
AcDbLine
 10
0.0
 20
0.0
 30
0.0
 11
-0.1
 21
-0.22
 31
0.0
  0
LINE
  5
33D
100
AcDbEntity
  8
BIOLOGY
 62
256
370
-1
 48
1.0
  6
ByLayer
100
AcDbLine
 10
0.0
 20
0.34
 30
0.0
 11
-0.2
 21
0.18
 31
0.0
  0
LINE
  5
33E
100
AcDbEntity
  8
BIOLOGY
 62
256
370
-1
 48
1.0
  6
ByLayer
100
AcDbLine
 10
0.0
 20
0.22
 30
0.0
 11
0.2
 21
0.06
 31
0.0
  0
LINE
  5
33F
100
AcDbEntity
  8
BIOLOGY
 62
256
370
-1
 48
1.0
  6
ByLayer
100
AcDbLine
 10
0.2
 20
0.06
 30
0.0
 11
0.26
 21
-0.14
 31
0.0
  0
LINE
  5
340
100
AcDbEntity
  8
BIOLOGY
 62
256
370
-1
 48
1.0
  6
ByLayer
100
AcDbLine
 10
0.0
 20
0.08
 30
0.0
 11
0.12
 21
-0.12
 31
0.0
  0
ENDBLK
  5
341
100
AcDbEntity
  8
0
100
AcDbBlockEnd
  0
BLOCK
  5
342
100
AcDbEntity
  8
0
100
AcDbBlockBegin
  2
SYM_SEED_GERMINATION
 70
0
 10
0.0
 20
0.0
 30
0.0
  3
SYM_SEED_GERMINATION
  1

  0
CIRCLE
  5
343
100
AcDbEntity
  8
BIOLOGY
 62
256
370
-1
 48
1.0
  6
ByLayer
100
AcDbCircle
 10
0.0
 20
-0.08
 30
0.0
 40
0.09
  0
LINE
  5
344
100
AcDbEntity
  8
BIOLOGY
 62
256
370
-1
 48
1.0
  6
ByLayer
100
AcDbLine
 10
0.0
 20
0.01
 30
0.0
 11
0.0
 21
0.36
 31
0.0
  0
ARC
  5
345
100
AcDbEntity
  8
BIOLOGY
 62
256
370
-1
 48
1.0
  6
ByLayer
100
AcDbCircle
 10
-0.1
 20
0.3
 30
0.0
 40
0.1
100
AcDbArc
 50
-60.0
 51
90.0
  0
ARC
  5
346
100
AcDbEntity
  8
BIOLOGY
 62
256
370
-1
 48
1.0
  6
ByLayer
100
AcDbCircle
 10
0.1
 20
0.3
 30
0.0
 40
0.1
100
AcDbArc
 50
90.0
 51
240.0
  0
ENDBLK
  5
347
100
AcDbEntity
  8
0
100
AcDbBlockEnd
  0
BLOCK
  5
348
100
AcDbEntity
  8
0
100
AcDbBlockBegin
  2
SYM_CABLE_LADDER
 70
0
 10
0.0
 20
0.0
 30
0.0
  3
SYM_CABLE_LADDER
  1

  0
ARC
  5
349
100
AcDbEntity
  8
ANCHORS-BOLTS
 62
256
370
-1
 48
1.0
  6
ByLayer
100
AcDbCircle
 10
-0.24812
 20
-0.1125
 30
0.0
 40
0.16312
100
AcDbArc
 50
-43.6000000000000085
 51
43.6000000000000085
  0
ARC
  5
34A
100
AcDbEntity
  8
ANCHORS-BOLTS
 62
256
370
-1
 48
1.0
  6
ByLayer
100
AcDbCircle
 10
-0.01188
 20
-0.3375
 30
0.0
 40
0.16312
100
AcDbArc
 50
136.4000000000000057
 51
223.5999999999999943
  0
ARC
  5
34B
100
AcDbEntity
  8
ANCHORS-BOLTS
 62
256
370
-1
 48
1.0
  6
ByLayer
100
AcDbCircle
 10
-0.24812
 20
-0.5625
 30
0.0
 40
0.16312
100
AcDbArc
 50
-43.6000000000000085
 51
43.6000000000000085
  0
ARC
  5
34C
100
AcDbEntity
  8
ANCHORS-BOLTS
 62
256
370
-1
 48
1.0
  6
ByLayer
100
AcDbCircle
 10
-0.01188
 20
-0.7875
 30
0.0
 40
0.16312
100
AcDbArc
 50
136.4000000000000057
 51
223.5999999999999943
  0
ARC
  5
34D
100
AcDbEntity
  8
ANCHORS-BOLTS
 62
256
370
-1
 48
1.0
  6
ByLayer
100
AcDbCircle
 10
0.01188
 20
-0.1125
 30
0.0
 40
0.16312
100
AcDbArc
 50
-43.6000000000000085
 51
43.6000000000000085
  0
ARC
  5
34E
100
AcDbEntity
  8
ANCHORS-BOLTS
 62
256
370
-1
 48
1.0
  6
ByLayer
100
AcDbCircle
 10
0.24812
 20
-0.3375
 30
0.0
 40
0.16312
100
AcDbArc
 50
136.4000000000000057
 51
223.5999999999999943
  0
ARC
  5
34F
100
AcDbEntity
  8
ANCHORS-BOLTS
 62
256
370
-1
 48
1.0
  6
ByLayer
100
AcDbCircle
 10
0.01188
 20
-0.5625
 30
0.0
 40
0.16312
100
AcDbArc
 50
-43.6000000000000085
 51
43.6000000000000085
  0
ARC
  5
350
100
AcDbEntity
  8
ANCHORS-BOLTS
 62
256
370
-1
 48
1.0
  6
ByLayer
100
AcDbCircle
 10
0.24812
 20
-0.7875
 30
0.0
 40
0.16312
100
AcDbArc
 50
136.4000000000000057
 51
223.5999999999999943
  0
LINE
  5
351
100
AcDbEntity
  8
ANCHORS-BOLTS
 62
256
370
-1
 48
1.0
  6
ByLayer
100
AcDbLine
 10
-0.13
 20
-0.225
 30
0.0
 11
0.13
 21
-0.225
 31
0.0
  0
LINE
  5
352
100
AcDbEntity
  8
ANCHORS-BOLTS
 62
256
370
-1
 48
1.0
  6
ByLayer
100
AcDbLine
 10
-0.13
 20
-0.45
 30
0.0
 11
0.13
 21
-0.45
 31
0.0
  0
LINE
  5
353
100
AcDbEntity
  8
ANCHORS-BOLTS
 62
256
370
-1
 48
1.0
  6
ByLayer
100
AcDbLine
 10
-0.13
 20
-0.675
 30
0.0
 11
0.13
 21
-0.675
 31
0.0
  0
ENDBLK
  5
354
100
AcDbEntity
  8
0
100
AcDbBlockEnd
  0
BLOCK
  5
355
100
AcDbEntity
  8
0
100
AcDbBlockBegin
  2
SYM_ROPE_DROP
 70
0
 10
0.0
 20
0.0
 30
0.0
  3
SYM_ROPE_DROP
  1

  0
CIRCLE
  5
356
100
AcDbEntity
  8
ANCHORS-BOLTS
 62
256
370
-1
 48
1.0
  6
ByLayer
100
AcDbCircle
 10
0.0
 20
-0.105
 30
0.0
 40
0.105
  0
ARC
  5
357
100
AcDbEntity
  8
ANCHORS-BOLTS
 62
256
370
-1
 48
1.0
  6
ByLayer
100
AcDbCircle
 10
-0.0606
 20
-0.3025
 30
0.0
 40
0.1106
100
AcDbArc
 50
-56.7999999999999972
 51
56.7999999999999972
  0
ARC
  5
358
100
AcDbEntity
  8
ANCHORS-BOLTS
 62
256
370
-1
 48
1.0
  6
ByLayer
100
AcDbCircle
 10
0.0606
 20
-0.4875
 30
0.0
 40
0.1106
100
AcDbArc
 50
123.2000000000000171
 51
236.7999999999999545
  0
ARC
  5
359
100
AcDbEntity
  8
ANCHORS-BOLTS
 62
256
370
-1
 48
1.0
  6
ByLayer
100
AcDbCircle
 10
-0.0606
 20
-0.6725
 30
0.0
 40
0.1106
100
AcDbArc
 50
-56.7999999999999972
 51
56.7999999999999972
  0
ARC
  5
35A
100
AcDbEntity
  8
ANCHORS-BOLTS
 62
256
370
-1
 48
1.0
  6
ByLayer
100
AcDbCircle
 10
0.0606
 20
-0.8575
 30
0.0
 40
0.1106
100
AcDbArc
 50
123.2000000000000171
 51
236.7999999999999545
  0
ENDBLK
  5
35B
100
AcDbEntity
  8
0
100
AcDbBlockEnd
  0
BLOCK
  5
35C
100
AcDbEntity
  8
0
100
AcDbBlockBegin
  2
SYM_VOLCANO
 70
0
 10
0.0
 20
0.0
 30
0.0
  3
SYM_VOLCANO
  1

  0
LINE
  5
35D
100
AcDbEntity
  8
FORMATIONS-DRIP
 62
256
370
-1
 48
1.0
  6
ByLayer
100
AcDbLine
 10
-0.3
 20
-0.26
 30
0.0
 11
-0.1
 21
0.14
 31
0.0
  0
LINE
  5
35E
100
AcDbEntity
  8
FORMATIONS-DRIP
 62
256
370
-1
 48
1.0
  6
ByLayer
100
AcDbLine
 10
0.3
 20
-0.26
 30
0.0
 11
0.1
 21
0.14
 31
0.0
  0
LINE
  5
35F
100
AcDbEntity
  8
FORMATIONS-DRIP
 62
256
370
-1
 48
1.0
  6
ByLayer
100
AcDbLine
 10
-0.3
 20
-0.26
 30
0.0
 11
0.3
 21
-0.26
 31
0.0
  0
ARC
  5
360
100
AcDbEntity
  8
FORMATIONS-DRIP
 62
256
370
-1
 48
1.0
  6
ByLayer
100
AcDbCircle
 10
0.0
 20
0.14
 30
0.0
 40
0.1
100
AcDbArc
 50
0.0
 51
180.0
  0
ARC
  5
361
100
AcDbEntity
  8
FORMATIONS-DRIP
 62
256
370
-1
 48
1.0
  6
ByLayer
100
AcDbCircle
 10
0.0
 20
0.14
 30
0.0
 40
0.1
100
AcDbArc
 50
180.0
 51
360.0
  0
ENDBLK
  5
362
100
AcDbEntity
  8
0
100
AcDbBlockEnd
  0
BLOCK
  5
363
100
AcDbEntity
  8
0
100
AcDbBlockBegin
  2
SYM_JOINT_TICK
 70
0
 10
0.0
 20
0.0
 30
0.0
  3
SYM_JOINT_TICK
  1

  0
LINE
  5
364
100
AcDbEntity
  8
0
 62
0
370
-1
 48
1.0
  6
ByLayer
100
AcDbLine
 10
-0.25
 20
0.0
 30
0.0
 11
0.25
 21
0.0
 31
0.0
  0
ENDBLK
  5
365
100
AcDbEntity
  8
0
100
AcDbBlockEnd
  0
BLOCK
  5
366
100
AcDbEntity
  8
0
100
AcDbBlockBegin
  2
SYM_GYPSUM_FLOWER
 70
0
 10
0.0
 20
0.0
 30
0.0
  3
SYM_GYPSUM_FLOWER
  1

  0
LINE
  5
367
100
AcDbEntity
  8
FORMATIONS-MOONMILK-POPCORN
 62
256
370
-1
 48
1.0
  6
ByLayer
100
AcDbLine
 10
0.0
 20
-0.3
 30
0.0
 11
0.0
 21
-0.02
 31
0.0
  0
ARC
  5
368
100
AcDbEntity
  8
FORMATIONS-MOONMILK-POPCORN
 62
256
370
-1
 48
1.0
  6
ByLayer
100
AcDbCircle
 10
0.0
 20
0.1
 30
0.0
 40
0.12
100
AcDbArc
 50
180.0
 51
360.0
  0
ARC
  5
369
100
AcDbEntity
  8
FORMATIONS-MOONMILK-POPCORN
 62
256
370
-1
 48
1.0
  6
ByLayer
100
AcDbCircle
 10
-0.12
 20
0.1
 30
0.0
 40
0.12
100
AcDbArc
 50
270.0
 51
450.0
  0
ARC
  5
36A
100
AcDbEntity
  8
FORMATIONS-MOONMILK-POPCORN
 62
256
370
-1
 48
1.0
  6
ByLayer
100
AcDbCircle
 10
0.12
 20
0.1
 30
0.0
 40
0.12
100
AcDbArc
 50
90.0
 51
270.0
  0
ENDBLK
  5
36B
100
AcDbEntity
  8
0
100
AcDbBlockEnd
  0
BLOCK
  5
36C
100
AcDbEntity
  8
0
100
AcDbBlockBegin
  2
SYM_VEGETABLE_DEBRIS
 70
0
 10
0.0
 20
0.0
 30
0.0
  3
SYM_VEGETABLE_DEBRIS
  1

  0
LINE
  5
36D
100
AcDbEntity
  8
BIOLOGY
 62
256
370
-1
 48
1.0
  6
ByLayer
100
AcDbLine
 10
-0.36
 20
-0.1
 30
0.0
 11
0.34
 21
0.12
 31
0.0
  0
LINE
  5
36E
100
AcDbEntity
  8
BIOLOGY
 62
256
370
-1
 48
1.0
  6
ByLayer
100
AcDbLine
 10
-0.3
 20
0.16
 30
0.0
 11
0.3
 21
-0.16
 31
0.0
  0
LINE
  5
36F
100
AcDbEntity
  8
BIOLOGY
 62
256
370
-1
 48
1.0
  6
ByLayer
100
AcDbLine
 10
-0.1
 20
-0.22
 30
0.0
 11
0.12
 21
0.24
 31
0.0
  0
CIRCLE
  5
370
100
AcDbEntity
  8
BIOLOGY
 62
256
370
-1
 48
1.0
  6
ByLayer
100
AcDbCircle
 10
0.34
 20
0.12
 30
0.0
 40
0.03
  0
ENDBLK
  5
371
100
AcDbEntity
  8
0
100
AcDbBlockEnd
  0
BLOCK
  5
372
100
AcDbEntity
  8
0
100
AcDbBlockBegin
  2
SYM_PENDANT
 70
0
 10
0.0
 20
0.0
 30
0.0
  3
SYM_PENDANT
  1

  0
LINE
  5
373
100
AcDbEntity
  8
FORMATIONS-DRIP
 62
256
370
-1
 48
1.0
  6
ByLayer
100
AcDbLine
 10
-0.22
 20
0.3
 30
0.0
 11
0.22
 21
0.3
 31
0.0
  0
LINE
  5
374
100
AcDbEntity
  8
FORMATIONS-DRIP
 62
256
370
-1
 48
1.0
  6
ByLayer
100
AcDbLine
 10
-0.16
 20
0.3
 30
0.0
 11
-0.14
 21
0.0
 31
0.0
  0
LINE
  5
375
100
AcDbEntity
  8
FORMATIONS-DRIP
 62
256
370
-1
 48
1.0
  6
ByLayer
100
AcDbLine
 10
0.16
 20
0.3
 30
0.0
 11
0.14
 21
0.0
 31
0.0
  0
ARC
  5
376
100
AcDbEntity
  8
FORMATIONS-DRIP
 62
256
370
-1
 48
1.0
  6
ByLayer
100
AcDbCircle
 10
0.0
 20
0.0
 30
0.0
 40
0.14
100
AcDbArc
 50
180.0
 51
360.0
  0
ENDBLK
  5
377
100
AcDbEntity
  8
0
100
AcDbBlockEnd
  0
BLOCK
  5
378
100
AcDbEntity
  8
0
100
AcDbBlockBegin
  2
AREA_BONE
 70
0
 10
0.0
 20
0.0
 30
0.0
  3
AREA_BONE
  1

  0
LINE
  5
379
100
AcDbEntity
  8
0
 62
256
370
-1
 48
1.0
  6
ByLayer
100
AcDbLine
 10
-0.5
 20
0.0
 30
0.0
 11
0.5
 21
0.0
 31
0.0
  0
CIRCLE
  5
37A
100
AcDbEntity
  8
0
 62
256
370
-1
 48
1.0
  6
ByLayer
100
AcDbCircle
 10
-0.5
 20
0.0
 30
0.0
 40
0.12
  0
CIRCLE
  5
37B
100
AcDbEntity
  8
0
 62
256
370
-1
 48
1.0
  6
ByLayer
100
AcDbCircle
 10
0.5
 20
0.0
 30
0.0
 40
0.12
  0
ENDBLK
  5
37C
100
AcDbEntity
  8
0
100
AcDbBlockEnd
  0
BLOCK
  5
37D
100
AcDbEntity
  8
0
100
AcDbBlockBegin
  2
AREA_DASH
 70
0
 10
0.0
 20
0.0
 30
0.0
  3
AREA_DASH
  1

  0
LINE
  5
37E
100
AcDbEntity
  8
0
 62
256
370
-1
 48
1.0
  6
ByLayer
100
AcDbLine
 10
-0.3
 20
0.0
 30
0.0
 11
0.3
 21
0.0
 31
0.0
  0
ENDBLK
  5
37F
100
AcDbEntity
  8
0
100
AcDbBlockEnd
  0
BLOCK
  5
380
100
AcDbEntity
  8
0
100
AcDbBlockBegin
  2
SYM_SAND_GRAVEL_DOT
 70
0
 10
0.0
 20
0.0
 30
0.0
  3
SYM_SAND_GRAVEL_DOT
  1

  0
CIRCLE
  5
381
100
AcDbEntity
  8
SEDIMENT-SAND-GRAVEL
 62
256
370
-1
 48
1.0
  6
ByLayer
100
AcDbCircle
 10
-0.15
 20
0.1
 30
0.0
 40
0.035
  0
CIRCLE
  5
382
100
AcDbEntity
  8
SEDIMENT-SAND-GRAVEL
 62
256
370
-1
 48
1.0
  6
ByLayer
100
AcDbCircle
 10
0.1
 20
0.15
 30
0.0
 40
0.035
  0
CIRCLE
  5
383
100
AcDbEntity
  8
SEDIMENT-SAND-GRAVEL
 62
256
370
-1
 48
1.0
  6
ByLayer
100
AcDbCircle
 10
0.05
 20
-0.1
 30
0.0
 40
0.035
  0
CIRCLE
  5
384
100
AcDbEntity
  8
SEDIMENT-SAND-GRAVEL
 62
256
370
-1
 48
1.0
  6
ByLayer
100
AcDbCircle
 10
-0.1
 20
-0.15
 30
0.0
 40
0.035
  0
CIRCLE
  5
385
100
AcDbEntity
  8
SEDIMENT-SAND-GRAVEL
 62
256
370
-1
 48
1.0
  6
ByLayer
100
AcDbCircle
 10
0.18
 20
-0.02
 30
0.0
 40
0.035
  0
ENDBLK
  5
386
100
AcDbEntity
  8
0
100
AcDbBlockEnd
  0
BLOCK
  5
387
100
AcDbEntity
  8
0
100
AcDbBlockBegin
  2
SYM_BREAKDOWN_C
 70
0
 10
0.0
 20
0.0
 30
0.0
  3
SYM_BREAKDOWN_C
  1

  0
LWPOLYLINE
  5
388
100
AcDbEntity
  8
BREAKDOWN
 62
256
370
-1
 48
1.0
  6
ByLayer
100
AcDbPolyline
 90
4
 70
1
 10
-0.45
 20
-0.45
 10
-0.5
 20
0.0
 10
-0.15
 20
0.1
 10
-0.1
 20
-0.35
  0
LWPOLYLINE
  5
389
100
AcDbEntity
  8
BREAKDOWN
 62
256
370
-1
 48
1.0
  6
ByLayer
100
AcDbPolyline
 90
5
 70
1
 10
-0.05
 20
0.05
 10
0.15
 20
0.3
 10
0.45
 20
0.1
 10
0.3
 20
-0.15
 10
0.05
 20
-0.15
  0
LWPOLYLINE
  5
38A
100
AcDbEntity
  8
BREAKDOWN
 62
256
370
-1
 48
1.0
  6
ByLayer
100
AcDbPolyline
 90
3
 70
1
 10
0.0
 20
-0.45
 10
0.3
 20
-0.35
 10
0.25
 20
-0.55
  0
ENDBLK
  5
38B
100
AcDbEntity
  8
0
100
AcDbBlockEnd
  0
BLOCK
  5
38C
100
AcDbEntity
  8
0
100
AcDbBlockBegin
  2
SYM_ENTRANCE
 70
0
 10
0.0
 20
0.0
 30
0.0
  3
SYM_ENTRANCE
  1

  0
LWPOLYLINE
  5
38D
100
AcDbEntity
  8
ENTRANCE
 62
256
370
-1
 48
1.0
  6
ByLayer
100
AcDbPolyline
 90
2
 70
0
 10
0.0
 20
-1.2
 10
0.0
 20
1.2
  0
LWPOLYLINE
  5
38E
100
AcDbEntity
  8
ENTRANCE
 62
256
370
-1
 48
1.0
  6
ByLayer
100
AcDbPolyline
 90
3
 70
0
 10
-0.4
 20
0.6
 10
0.0
 20
1.2
 10
0.4
 20
0.6
  0
ENDBLK
  5
38F
100
AcDbEntity
  8
0
100
AcDbBlockEnd
  0
BLOCK
  5
390
100
AcDbEntity
  8
0
100
AcDbBlockBegin
  2
AREA_PEBBLE
 70
0
 10
0.0
 20
0.0
 30
0.0
  3
AREA_PEBBLE
  1

  0
CIRCLE
  5
391
100
AcDbEntity
  8
0
 62
256
370
-1
 48
1.0
  6
ByLayer
100
AcDbCircle
 10
0.0
 20
0.0
 30
0.0
 40
0.25
  0
CIRCLE
  5
392
100
AcDbEntity
  8
0
 62
256
370
-1
 48
1.0
  6
ByLayer
100
AcDbCircle
 10
0.4
 20
0.2
 30
0.0
 40
0.15
  0
ENDBLK
  5
393
100
AcDbEntity
  8
0
100
AcDbBlockEnd
  0
BLOCK
  5
394
100
AcDbEntity
  8
0
100
AcDbBlockBegin
  2
SYM_BOLT
 70
0
 10
0.0
 20
0.0
 30
0.0
  3
SYM_BOLT
  1

  0
CIRCLE
  5
395
100
AcDbEntity
  8
ANCHORS-BOLTS
 62
256
370
-1
 48
1.0
  6
ByLayer
100
AcDbCircle
 10
0.0
 20
0.0
 30
0.0
 40
0.13
  0
LINE
  5
396
100
AcDbEntity
  8
ANCHORS-BOLTS
 62
256
370
-1
 48
1.0
  6
ByLayer
100
AcDbLine
 10
-0.092
 20
-0.092
 30
0.0
 11
0.092
 21
0.092
 31
0.0
  0
LINE
  5
397
100
AcDbEntity
  8
ANCHORS-BOLTS
 62
256
370
-1
 48
1.0
  6
ByLayer
100
AcDbLine
 10
-0.092
 20
0.092
 30
0.0
 11
0.092
 21
-0.092
 31
0.0
  0
ENDBLK
  5
398
100
AcDbEntity
  8
0
100
AcDbBlockEnd
  0
BLOCK
  5
399
100
AcDbEntity
  8
0
100
AcDbBlockBegin
  2
SYM_RIMSTONE_DAM
 70
0
 10
0.0
 20
0.0
 30
0.0
  3
SYM_RIMSTONE_DAM
  1

  0
ARC
  5
39A
100
AcDbEntity
  8
FORMATIONS-RIMSTONE
 62
256
370
-1
 48
1.0
  6
ByLayer
100
AcDbCircle
 10
0.0
 20
-0.3
 30
0.0
 40
0.5
100
AcDbArc
 50
20.0
 51
160.0
  0
LINE
  5
39B
100
AcDbEntity
  8
FORMATIONS-RIMSTONE
 62
256
370
-1
 48
1.0
  6
ByLayer
100
AcDbLine
 10
-0.47
 20
-0.13
 30
0.0
 11
-0.47
 21
0.15
 31
0.0
  0
LINE
  5
39C
100
AcDbEntity
  8
FORMATIONS-RIMSTONE
 62
256
370
-1
 48
1.0
  6
ByLayer
100
AcDbLine
 10
0.47
 20
-0.13
 30
0.0
 11
0.47
 21
0.15
 31
0.0
  0
ENDBLK
  5
39D
100
AcDbEntity
  8
0
100
AcDbBlockEnd
  0
BLOCK
  5
39E
100
AcDbEntity
  8
0
100
AcDbBlockBegin
  2
SYM_LOW_END
 70
0
 10
0.0
 20
0.0
 30
0.0
  3
SYM_LOW_END
  1

  0
LINE
  5
39F
100
AcDbEntity
  8
NOTES-ANNOTATION
 62
256
370
-1
 48
1.0
  6
ByLayer
100
AcDbLine
 10
0.2
 20
0.3
 30
0.0
 11
0.2
 21
-0.3
 31
0.0
  0
LINE
  5
3A0
100
AcDbEntity
  8
NOTES-ANNOTATION
 62
256
370
-1
 48
1.0
  6
ByLayer
100
AcDbLine
 10
-0.3
 20
0.2
 30
0.0
 11
0.2
 21
0.2
 31
0.0
  0
LINE
  5
3A1
100
AcDbEntity
  8
NOTES-ANNOTATION
 62
256
370
-1
 48
1.0
  6
ByLayer
100
AcDbLine
 10
-0.3
 20
0.0
 30
0.0
 11
0.2
 21
0.0
 31
0.0
  0
LINE
  5
3A2
100
AcDbEntity
  8
NOTES-ANNOTATION
 62
256
370
-1
 48
1.0
  6
ByLayer
100
AcDbLine
 10
-0.3
 20
-0.2
 30
0.0
 11
0.2
 21
-0.2
 31
0.0
  0
ENDBLK
  5
3A3
100
AcDbEntity
  8
0
100
AcDbBlockEnd
  0
BLOCK
  5
3A4
100
AcDbEntity
  8
0
100
AcDbBlockBegin
  2
SYM_AIR_DRAUGHT
 70
0
 10
0.0
 20
0.0
 30
0.0
  3
SYM_AIR_DRAUGHT
  1

  0
LINE
  5
3A5
100
AcDbEntity
  8
NOTES-ANNOTATION
 62
256
370
-1
 48
1.0
  6
ByLayer
100
AcDbLine
 10
-0.5
 20
0.0
 30
0.0
 11
0.5
 21
0.0
 31
0.0
  0
LINE
  5
3A6
100
AcDbEntity
  8
NOTES-ANNOTATION
 62
256
370
-1
 48
1.0
  6
ByLayer
100
AcDbLine
 10
0.5
 20
0.0
 30
0.0
 11
0.36
 21
0.1
 31
0.0
  0
LINE
  5
3A7
100
AcDbEntity
  8
NOTES-ANNOTATION
 62
256
370
-1
 48
1.0
  6
ByLayer
100
AcDbLine
 10
0.5
 20
0.0
 30
0.0
 11
0.36
 21
-0.1
 31
0.0
  0
LINE
  5
3A8
100
AcDbEntity
  8
NOTES-ANNOTATION
 62
256
370
-1
 48
1.0
  6
ByLayer
100
AcDbLine
 10
-0.5
 20
0.0
 30
0.0
 11
-0.62
 21
0.1
 31
0.0
  0
LINE
  5
3A9
100
AcDbEntity
  8
NOTES-ANNOTATION
 62
256
370
-1
 48
1.0
  6
ByLayer
100
AcDbLine
 10
-0.4
 20
0.0
 30
0.0
 11
-0.52
 21
0.1
 31
0.0
  0
LINE
  5
3AA
100
AcDbEntity
  8
NOTES-ANNOTATION
 62
256
370
-1
 48
1.0
  6
ByLayer
100
AcDbLine
 10
-0.5
 20
0.0
 30
0.0
 11
-0.62
 21
-0.1
 31
0.0
  0
LINE
  5
3AB
100
AcDbEntity
  8
NOTES-ANNOTATION
 62
256
370
-1
 48
1.0
  6
ByLayer
100
AcDbLine
 10
-0.4
 20
0.0
 30
0.0
 11
-0.52
 21
-0.1
 31
0.0
  0
ENDBLK
  5
3AC
100
AcDbEntity
  8
0
100
AcDbBlockEnd
  0
BLOCK
  5
3AD
100
AcDbEntity
  8
0
100
AcDbBlockBegin
  2
TB_BAR_SCALE_1IN10FT
 70
0
 10
0.0
 20
0.0
 30
0.0
  3
TB_BAR_SCALE_1IN10FT
  1

  0
HATCH
  5
3AE
100
AcDbEntity
  8
SCALE-BAR
 62
7
420
16777215
370
-1
 48
1.0
  6
ByLayer
100
AcDbHatch
 10
0.0
 20
0.0
 30
0.0
210
0.0
220
0.0
230
1.0
  2
SOLID
 70
1
 71
0
 91
2
 92
1
 93
0
 97
0
 92
1
 93
4
 72
1
 10
0.0
 20
0.0
 11
0.5
 21
0.0
 72
1
 10
0.5
 20
0.0
 11
0.5
 21
0.13
 72
1
 10
0.5
 20
0.13
 11
0.0
 21
0.13
 72
1
 10
0.0
 20
0.13
 11
0.0
 21
0.0
 97
0
 75
0
 76
1
 98
0
1001
ACAD
1010
0.0
1020
0.0
1030
0
  0
LWPOLYLINE
  5
3AF
100
AcDbEntity
  8
SCALE-BAR
 62
256
370
-1
 48
1.0
  6
ByLayer
100
AcDbPolyline
 90
4
 70
1
 10
0.0
 20
0.0
 10
0.5
 20
0.0
 10
0.5
 20
0.13
 10
0.0
 20
0.13
  0
LWPOLYLINE
  5
3B0
100
AcDbEntity
  8
SCALE-BAR
 62
256
370
-1
 48
1.0
  6
ByLayer
100
AcDbPolyline
 90
4
 70
1
 10
0.5
 20
0.0
 10
1.0
 20
0.0
 10
1.0
 20
0.13
 10
0.5
 20
0.13
  0
LINE
  5
3B1
100
AcDbEntity
  8
SCALE-BAR
 62
256
370
-1
 48
1.0
  6
ByLayer
100
AcDbLine
 10
1.0
 20
0.065
 30
0.0
 11
3.0
 21
0.065
 31
0.0
  0
LINE
  5
3B2
100
AcDbEntity
  8
SCALE-BAR
 62
256
370
-1
 48
1.0
  6
ByLayer
100
AcDbLine
 10
0.0
 20
-0.05
 30
0.0
 11
0.0
 21
0.18
 31
0.0
  0
TEXT
  5
3B3
100
AcDbEntity
  8
SCALE-BAR
 62
256
370
-1
 48
1.0
  6
ByLayer
100
AcDbText
 10
0.0
 20
-0.1
 30
0.0
 40
0.11
  1
0
 50
0.0
 41
1.0
  7
textstyle7
 71
0
 72
1
 11
0.0
 21
-0.1
 31
0.0
100
AcDbText
 73
3
  0
LINE
  5
3B4
100
AcDbEntity
  8
SCALE-BAR
 62
256
370
-1
 48
1.0
  6
ByLayer
100
AcDbLine
 10
0.5
 20
-0.05
 30
0.0
 11
0.5
 21
0.18
 31
0.0
  0
TEXT
  5
3B5
100
AcDbEntity
  8
SCALE-BAR
 62
256
370
-1
 48
1.0
  6
ByLayer
100
AcDbText
 10
0.5
 20
-0.1
 30
0.0
 40
0.11
  1
5
 50
0.0
 41
1.0
  7
textstyle63
 71
0
 72
1
 11
0.5
 21
-0.1
 31
0.0
100
AcDbText
 73
3
  0
LINE
  5
3B6
100
AcDbEntity
  8
SCALE-BAR
 62
256
370
-1
 48
1.0
  6
ByLayer
100
AcDbLine
 10
1.0
 20
-0.05
 30
0.0
 11
1.0
 21
0.18
 31
0.0
  0
TEXT
  5
3B7
100
AcDbEntity
  8
SCALE-BAR
 62
256
370
-1
 48
1.0
  6
ByLayer
100
AcDbText
 10
1.0
 20
-0.1
 30
0.0
 40
0.11
  1
10
 50
0.0
 41
1.0
  7
textstyle101
 71
0
 72
1
 11
1.0
 21
-0.1
 31
0.0
100
AcDbText
 73
3
  0
LINE
  5
3B8
100
AcDbEntity
  8
SCALE-BAR
 62
256
370
-1
 48
1.0
  6
ByLayer
100
AcDbLine
 10
2.0
 20
-0.05
 30
0.0
 11
2.0
 21
0.18
 31
0.0
  0
TEXT
  5
3B9
100
AcDbEntity
  8
SCALE-BAR
 62
256
370
-1
 48
1.0
  6
ByLayer
100
AcDbText
 10
2.0
 20
-0.1
 30
0.0
 40
0.11
  1
20
 50
0.0
 41
1.0
  7
textstyle81
 71
0
 72
1
 11
2.0
 21
-0.1
 31
0.0
100
AcDbText
 73
3
  0
LINE
  5
3BA
100
AcDbEntity
  8
SCALE-BAR
 62
256
370
-1
 48
1.0
  6
ByLayer
100
AcDbLine
 10
3.0
 20
-0.05
 30
0.0
 11
3.0
 21
0.18
 31
0.0
  0
TEXT
  5
3BB
100
AcDbEntity
  8
SCALE-BAR
 62
256
370
-1
 48
1.0
  6
ByLayer
100
AcDbText
 10
3.0
 20
-0.1
 30
0.0
 40
0.11
  1
30
 50
0.0
 41
1.0
  7
textstyle62
 71
0
 72
1
 11
3.0
 21
-0.1
 31
0.0
100
AcDbText
 73
3
  0
TEXT
  5
3BC
100
AcDbEntity
  8
SCALE-BAR
 62
256
370
-1
 48
1.0
  6
ByLayer
100
AcDbText
 10
0.0
 20
0.48
 30
0.0
 40
0.14
  1
SCALE: 1" = 10 FT
 50
0.0
 41
1.0
  7
textstyle10
 71
0
 72
0
 11
0.0
 21
0.48
 31
0.0
100
AcDbText
 73
1
  0
ENDBLK
  5
3BD
100
AcDbEntity
  8
0
100
AcDbBlockEnd
  0
BLOCK
  5
3BE
100
AcDbEntity
  8
0
100
AcDbBlockBegin
  2
SYM_CONTINUATION
 70
0
 10
0.0
 20
0.0
 30
0.0
  3
SYM_CONTINUATION
  1

  0
ARC
  5
3BF
100
AcDbEntity
  8
NOTES-DIG
 62
256
370
-1
 48
1.0
  6
ByLayer
100
AcDbCircle
 10
0.0
 20
0.34
 30
0.0
 40
0.17
100
AcDbArc
 50
-60.0
 51
180.0
  0
LINE
  5
3C0
100
AcDbEntity
  8
NOTES-DIG
 62
256
370
-1
 48
1.0
  6
ByLayer
100
AcDbLine
 10
0.085
 20
0.253
 30
0.0
 11
0.0
 21
0.1
 31
0.0
  0
LINE
  5
3C1
100
AcDbEntity
  8
NOTES-DIG
 62
256
370
-1
 48
1.0
  6
ByLayer
100
AcDbLine
 10
0.0
 20
0.1
 30
0.0
 11
0.0
 21
0.04
 31
0.0
  0
CIRCLE
  5
3C2
100
AcDbEntity
  8
NOTES-DIG
 62
256
370
-1
 48
1.0
  6
ByLayer
100
AcDbCircle
 10
0.0
 20
-0.04
 30
0.0
 40
0.03
  0
ENDBLK
  5
3C3
100
AcDbEntity
  8
0
100
AcDbBlockEnd
  0
BLOCK
  5
3C4
100
AcDbEntity
  8
0
100
AcDbBlockBegin
  2
SYM_DRAPERY
 70
0
 10
0.0
 20
0.0
 30
0.0
  3
SYM_DRAPERY
  1

  0
LWPOLYLINE
  5
3C5
100
AcDbEntity
  8
FORMATIONS-DRAPERY
 62
256
370
-1
 48
1.0
  6
ByLayer
100
AcDbPolyline
 90
9
 70
0
 10
0.0
 20
-0.5
 10
0.12
 20
-0.375
 10
0.0
 20
-0.25
 10
-0.12
 20
-0.125
 10
-0.0
 20
0.0
 10
0.12
 20
0.125
 10
0.0
 20
0.25
 10
-0.12
 20
0.375
 10
-0.0000000000000001
 20
0.5
  0
ENDBLK
  5
3C6
100
AcDbEntity
  8
0
100
AcDbBlockEnd
  0
BLOCK
  5
3C7
100
AcDbEntity
  8
0
100
AcDbBlockBegin
  2
SYM_SPRING
 70
0
 10
0.0
 20
0.0
 30
0.0
  3
SYM_SPRING
  1

  0
ARC
  5
3C8
100
AcDbEntity
  8
WATER-SPRING-RESURGENCE
 62
256
370
-1
 48
1.0
  6
ByLayer
100
AcDbCircle
 10
0.0
 20
0.0
 30
0.0
 40
0.22
100
AcDbArc
 50
0.0
 51
360.0
  0
LWPOLYLINE
  5
3C9
100
AcDbEntity
  8
WATER-SPRING-RESURGENCE
 62
256
370
-1
 48
1.0
  6
ByLayer
100
AcDbPolyline
 90
2
 70
0
 10
0.0
 20
0.0
 10
0.7
 20
0.0
  0
LWPOLYLINE
  5
3CA
100
AcDbEntity
  8
WATER-SPRING-RESURGENCE
 62
256
370
-1
 48
1.0
  6
ByLayer
100
AcDbPolyline
 90
3
 70
0
 10
0.5
 20
0.15
 10
0.7
 20
0.0
 10
0.5
 20
-0.15
  0
ENDBLK
  5
3CB
100
AcDbEntity
  8
0
100
AcDbBlockEnd
  0
BLOCK
  5
3CC
100
AcDbEntity
  8
0
100
AcDbBlockBegin
  2
SYM_BREAKDOWN_CHOKE
 70
0
 10
0.0
 20
0.0
 30
0.0
  3
SYM_BREAKDOWN_CHOKE
  1

  0
LINE
  5
3CD
100
AcDbEntity
  8
BREAKDOWN
 62
256
370
-1
 48
1.0
  6
ByLayer
100
AcDbLine
 10
0.3
 20
0.32
 30
0.0
 11
0.3
 21
-0.32
 31
0.0
  0
LINE
  5
3CE
100
AcDbEntity
  8
BREAKDOWN
 62
256
370
-1
 48
1.0
  6
ByLayer
100
AcDbLine
 10
-0.3
 20
0.1
 30
0.0
 11
-0.12
 21
0.2
 31
0.0
  0
LINE
  5
3CF
100
AcDbEntity
  8
BREAKDOWN
 62
256
370
-1
 48
1.0
  6
ByLayer
100
AcDbLine
 10
-0.12
 20
0.2
 30
0.0
 11
-0.04
 21
0.02
 31
0.0
  0
LINE
  5
3D0
100
AcDbEntity
  8
BREAKDOWN
 62
256
370
-1
 48
1.0
  6
ByLayer
100
AcDbLine
 10
-0.04
 20
0.02
 30
0.0
 11
-0.22
 21
-0.06
 31
0.0
  0
LINE
  5
3D1
100
AcDbEntity
  8
BREAKDOWN
 62
256
370
-1
 48
1.0
  6
ByLayer
100
AcDbLine
 10
-0.22
 20
-0.06
 30
0.0
 11
-0.3
 21
0.1
 31
0.0
  0
LINE
  5
3D2
100
AcDbEntity
  8
BREAKDOWN
 62
256
370
-1
 48
1.0
  6
ByLayer
100
AcDbLine
 10
-0.04
 20
-0.12
 30
0.0
 11
0.12
 21
-0.04
 31
0.0
  0
LINE
  5
3D3
100
AcDbEntity
  8
BREAKDOWN
 62
256
370
-1
 48
1.0
  6
ByLayer
100
AcDbLine
 10
0.12
 20
-0.04
 30
0.0
 11
0.08
 21
-0.24
 31
0.0
  0
LINE
  5
3D4
100
AcDbEntity
  8
BREAKDOWN
 62
256
370
-1
 48
1.0
  6
ByLayer
100
AcDbLine
 10
0.08
 20
-0.24
 30
0.0
 11
-0.1
 21
-0.26
 31
0.0
  0
LINE
  5
3D5
100
AcDbEntity
  8
BREAKDOWN
 62
256
370
-1
 48
1.0
  6
ByLayer
100
AcDbLine
 10
-0.1
 20
-0.26
 30
0.0
 11
-0.04
 21
-0.12
 31
0.0
  0
LINE
  5
3D6
100
AcDbEntity
  8
BREAKDOWN
 62
256
370
-1
 48
1.0
  6
ByLayer
100
AcDbLine
 10
0.0
 20
0.24
 30
0.0
 11
0.18
 21
0.28
 31
0.0
  0
LINE
  5
3D7
100
AcDbEntity
  8
BREAKDOWN
 62
256
370
-1
 48
1.0
  6
ByLayer
100
AcDbLine
 10
0.18
 20
0.28
 30
0.0
 11
0.2
 21
0.1
 31
0.0
  0
LINE
  5
3D8
100
AcDbEntity
  8
BREAKDOWN
 62
256
370
-1
 48
1.0
  6
ByLayer
100
AcDbLine
 10
0.2
 20
0.1
 30
0.0
 11
0.04
 21
0.08
 31
0.0
  0
LINE
  5
3D9
100
AcDbEntity
  8
BREAKDOWN
 62
256
370
-1
 48
1.0
  6
ByLayer
100
AcDbLine
 10
0.04
 20
0.08
 30
0.0
 11
0.0
 21
0.24
 31
0.0
  0
ENDBLK
  5
3DA
100
AcDbEntity
  8
0
100
AcDbBlockEnd
  0
BLOCK
  5
3DB
100
AcDbEntity
  8
0
100
AcDbBlockBegin
  2
SYM_SCALLOP
 70
0
 10
0.0
 20
0.0
 30
0.0
  3
SYM_SCALLOP
  1

  0
ARC
  5
3DC
100
AcDbEntity
  8
GEOLOGY-JOINTS-FRACTURES
 62
256
370
-1
 48
1.0
  6
ByLayer
100
AcDbCircle
 10
-0.2
 20
0.1
 30
0.0
 40
0.18
100
AcDbArc
 50
200.0
 51
340.0000000000000568
  0
ARC
  5
3DD
100
AcDbEntity
  8
GEOLOGY-JOINTS-FRACTURES
 62
256
370
-1
 48
1.0
  6
ByLayer
100
AcDbCircle
 10
0.2
 20
0.1
 30
0.0
 40
0.18
100
AcDbArc
 50
200.0
 51
340.0000000000000568
  0
ARC
  5
3DE
100
AcDbEntity
  8
GEOLOGY-JOINTS-FRACTURES
 62
256
370
-1
 48
1.0
  6
ByLayer
100
AcDbCircle
 10
0.0
 20
-0.14
 30
0.0
 40
0.18
100
AcDbArc
 50
200.0
 51
340.0000000000000568
  0
ENDBLK
  5
3DF
100
AcDbEntity
  8
0
100
AcDbBlockEnd
  0
BLOCK
  5
3E0
100
AcDbEntity
  8
0
100
AcDbBlockBegin
  2
SYM_TREE_TRUNK
 70
0
 10
0.0
 20
0.0
 30
0.0
  3
SYM_TREE_TRUNK
  1

  0
CIRCLE
  5
3E1
100
AcDbEntity
  8
BIOLOGY
 62
256
370
-1
 48
1.0
  6
ByLayer
100
AcDbCircle
 10
0.0
 20
0.0
 30
0.0
 40
0.32
  0
CIRCLE
  5
3E2
100
AcDbEntity
  8
BIOLOGY
 62
256
370
-1
 48
1.0
  6
ByLayer
100
AcDbCircle
 10
0.0
 20
0.0
 30
0.0
 40
0.2
  0
CIRCLE
  5
3E3
100
AcDbEntity
  8
BIOLOGY
 62
256
370
-1
 48
1.0
  6
ByLayer
100
AcDbCircle
 10
0.0
 20
0.0
 30
0.0
 40
0.08
  0
LINE
  5
3E4
100
AcDbEntity
  8
BIOLOGY
 62
256
370
-1
 48
1.0
  6
ByLayer
100
AcDbLine
 10
0.0
 20
0.0
 30
0.0
 11
0.32
 21
0.0
 31
0.0
  0
ENDBLK
  5
3E5
100
AcDbEntity
  8
0
100
AcDbBlockEnd
  0
BLOCK
  5
3E6
100
AcDbEntity
  8
0
100
AcDbBlockBegin
  2
SYM_ALTAR
 70
0
 10
0.0
 20
0.0
 30
0.0
  3
SYM_ALTAR
  1

  0
LINE
  5
3E7
100
AcDbEntity
  8
ARCHAEOLOGY
 62
256
370
-1
 48
1.0
  6
ByLayer
100
AcDbLine
 10
-0.34
 20
0.04
 30
0.0
 11
0.34
 21
0.04
 31
0.0
  0
LINE
  5
3E8
100
AcDbEntity
  8
ARCHAEOLOGY
 62
256
370
-1
 48
1.0
  6
ByLayer
100
AcDbLine
 10
0.34
 20
0.04
 30
0.0
 11
0.34
 21
0.14
 31
0.0
  0
LINE
  5
3E9
100
AcDbEntity
  8
ARCHAEOLOGY
 62
256
370
-1
 48
1.0
  6
ByLayer
100
AcDbLine
 10
0.34
 20
0.14
 30
0.0
 11
-0.34
 21
0.14
 31
0.0
  0
LINE
  5
3EA
100
AcDbEntity
  8
ARCHAEOLOGY
 62
256
370
-1
 48
1.0
  6
ByLayer
100
AcDbLine
 10
-0.34
 20
0.14
 30
0.0
 11
-0.34
 21
0.04
 31
0.0
  0
LINE
  5
3EB
100
AcDbEntity
  8
ARCHAEOLOGY
 62
256
370
-1
 48
1.0
  6
ByLayer
100
AcDbLine
 10
-0.24
 20
0.04
 30
0.0
 11
-0.24
 21
-0.22
 31
0.0
  0
LINE
  5
3EC
100
AcDbEntity
  8
ARCHAEOLOGY
 62
256
370
-1
 48
1.0
  6
ByLayer
100
AcDbLine
 10
0.24
 20
0.04
 30
0.0
 11
0.24
 21
-0.22
 31
0.0
  0
ENDBLK
  5
3ED
100
AcDbEntity
  8
0
100
AcDbBlockEnd
  0
BLOCK
  5
3EE
100
AcDbEntity
  8
0
100
AcDbBlockBegin
  2
SYM_SODA_STRAW
 70
0
 10
0.0
 20
0.0
 30
0.0
  3
SYM_SODA_STRAW
  1

  0
LINE
  5
3EF
100
AcDbEntity
  8
FORMATIONS-DRIP
 62
256
370
-1
 48
1.0
  6
ByLayer
100
AcDbLine
 10
-0.04
 20
0.5
 30
0.0
 11
-0.04
 21
-0.3
 31
0.0
  0
LINE
  5
3F0
100
AcDbEntity
  8
FORMATIONS-DRIP
 62
256
370
-1
 48
1.0
  6
ByLayer
100
AcDbLine
 10
0.04
 20
0.5
 30
0.0
 11
0.04
 21
-0.3
 31
0.0
  0
ARC
  5
3F1
100
AcDbEntity
  8
FORMATIONS-DRIP
 62
256
370
-1
 48
1.0
  6
ByLayer
100
AcDbCircle
 10
0.0
 20
-0.3
 30
0.0
 40
0.04
100
AcDbArc
 50
180.0
 51
360.0
  0
LINE
  5
3F2
100
AcDbEntity
  8
FORMATIONS-DRIP
 62
256
370
-1
 48
1.0
  6
ByLayer
100
AcDbLine
 10
-0.2
 20
0.5
 30
0.0
 11
0.2
 21
0.5
 31
0.0
  0
ENDBLK
  5
3F3
100
AcDbEntity
  8
0
100
AcDbBlockEnd
  0
BLOCK
  5
3F4
100
AcDbEntity
  8
0
100
AcDbBlockBegin
  2
SYM_SECTION_MARKER
 70
0
 10
0.0
 20
0.0
 30
0.0
  3
SYM_SECTION_MARKER
  1

  0
LINE
  5
3F5
100
AcDbEntity
  8
CROSS-SECTION-MARKERS
 62
256
370
-1
 48
1.0
  6
ByLayer
100
AcDbLine
 10
-0.6
 20
0.0
 30
0.0
 11
0.6
 21
0.0
 31
0.0
  0
CIRCLE
  5
3F6
100
AcDbEntity
  8
CROSS-SECTION-MARKERS
 62
256
370
-1
 48
1.0
  6
ByLayer
100
AcDbCircle
 10
0.6
 20
0.0
 30
0.0
 40
0.18
  0
ENDBLK
  5
3F7
100
AcDbEntity
  8
0
100
AcDbBlockEnd
  0
BLOCK
  5
3F8
100
AcDbEntity
  8
0
100
AcDbBlockBegin
  2
SYM_HUMAN_BONES
 70
0
 10
0.0
 20
0.0
 30
0.0
  3
SYM_HUMAN_BONES
  1

  0
CIRCLE
  5
3F9
100
AcDbEntity
  8
ARCHAEOLOGY
 62
256
370
-1
 48
1.0
  6
ByLayer
100
AcDbCircle
 10
0.0
 20
0.12
 30
0.0
 40
0.2
  0
CIRCLE
  5
3FA
100
AcDbEntity
  8
ARCHAEOLOGY
 62
256
370
-1
 48
1.0
  6
ByLayer
100
AcDbCircle
 10
-0.07
 20
0.15
 30
0.0
 40
0.04
  0
CIRCLE
  5
3FB
100
AcDbEntity
  8
ARCHAEOLOGY
 62
256
370
-1
 48
1.0
  6
ByLayer
100
AcDbCircle
 10
0.07
 20
0.15
 30
0.0
 40
0.04
  0
LINE
  5
3FC
100
AcDbEntity
  8
ARCHAEOLOGY
 62
256
370
-1
 48
1.0
  6
ByLayer
100
AcDbLine
 10
-0.06
 20
0.04
 30
0.0
 11
0.06
 21
0.04
 31
0.0
  0
LINE
  5
3FD
100
AcDbEntity
  8
ARCHAEOLOGY
 62
256
370
-1
 48
1.0
  6
ByLayer
100
AcDbLine
 10
-0.3
 20
-0.34
 30
0.0
 11
0.3
 21
-0.12
 31
0.0
  0
LINE
  5
3FE
100
AcDbEntity
  8
ARCHAEOLOGY
 62
256
370
-1
 48
1.0
  6
ByLayer
100
AcDbLine
 10
-0.3
 20
-0.12
 30
0.0
 11
0.3
 21
-0.34
 31
0.0
  0
ENDBLK
  5
3FF
100
AcDbEntity
  8
0
100
AcDbBlockEnd
  0
BLOCK
  5
400
100
AcDbEntity
  8
0
100
AcDbBlockBegin
  2
TB_NORTH_ARROW_DECL
 70
0
 10
0.0
 20
0.0
 30
0.0
  3
TB_NORTH_ARROW_DECL
  1

  0
INSERT
  5
401
100
AcDbEntity
  8
NORTH-ARROW
 62
256
370
-1
 48
1.0
  6
ByLayer
100
AcDbBlockReference
  2
SYM_NORTH_ARROW
 10
0.0
 20
0.0
 30
0.0
  0
TEXT
  5
402
100
AcDbEntity
  8
NORTH-ARROW
 62
256
370
-1
 48
1.0
  6
ByLayer
100
AcDbText
 10
0.9
 20
-1.5
 30
0.0
 40
0.13
  1
MAGNETIC DECLINATION: _____\U+00b0
 50
0.0
 41
1.0
  7
textstyle25
 71
0
 72
0
 11
0.9
 21
-1.5
 31
0.0
100
AcDbText
 73
2
  0
ENDBLK
  5
403
100
AcDbEntity
  8
0
100
AcDbBlockEnd
  0
BLOCK
  5
404
100
AcDbEntity
  8
0
100
AcDbBlockBegin
  2
SYM_NAMEPLATE
 70
0
 10
0.0
 20
0.0
 30
0.0
  3
SYM_NAMEPLATE
  1

  0
LINE
  5
405
100
AcDbEntity
  8
ANCHORS-BOLTS
 62
256
370
-1
 48
1.0
  6
ByLayer
100
AcDbLine
 10
-0.3
 20
-0.14
 30
0.0
 11
0.3
 21
-0.14
 31
0.0
  0
LINE
  5
406
100
AcDbEntity
  8
ANCHORS-BOLTS
 62
256
370
-1
 48
1.0
  6
ByLayer
100
AcDbLine
 10
0.3
 20
-0.14
 30
0.0
 11
0.3
 21
0.14
 31
0.0
  0
LINE
  5
407
100
AcDbEntity
  8
ANCHORS-BOLTS
 62
256
370
-1
 48
1.0
  6
ByLayer
100
AcDbLine
 10
0.3
 20
0.14
 30
0.0
 11
-0.3
 21
0.14
 31
0.0
  0
LINE
  5
408
100
AcDbEntity
  8
ANCHORS-BOLTS
 62
256
370
-1
 48
1.0
  6
ByLayer
100
AcDbLine
 10
-0.3
 20
0.14
 30
0.0
 11
-0.3
 21
-0.14
 31
0.0
  0
LINE
  5
409
100
AcDbEntity
  8
ANCHORS-BOLTS
 62
256
370
-1
 48
1.0
  6
ByLayer
100
AcDbLine
 10
-0.2
 20
0.04
 30
0.0
 11
0.2
 21
0.04
 31
0.0
  0
LINE
  5
40A
100
AcDbEntity
  8
ANCHORS-BOLTS
 62
256
370
-1
 48
1.0
  6
ByLayer
100
AcDbLine
 10
-0.2
 20
-0.06
 30
0.0
 11
0.1
 21
-0.06
 31
0.0
  0
ENDBLK
  5
40B
100
AcDbEntity
  8
0
100
AcDbBlockEnd
  0
BLOCK
  5
40C
100
AcDbEntity
  8
0
100
AcDbBlockBegin
  2
SYM_FLOWSTONE_CHOKE
 70
0
 10
0.0
 20
0.0
 30
0.0
  3
SYM_FLOWSTONE_CHOKE
  1

  0
LINE
  5
40D
100
AcDbEntity
  8
FORMATIONS-FLOWSTONE
 62
256
370
-1
 48
1.0
  6
ByLayer
100
AcDbLine
 10
0.3
 20
0.32
 30
0.0
 11
0.3
 21
-0.32
 31
0.0
  0
ARC
  5
40E
100
AcDbEntity
  8
FORMATIONS-FLOWSTONE
 62
256
370
-1
 48
1.0
  6
ByLayer
100
AcDbCircle
 10
-0.2
 20
0.18
 30
0.0
 40
0.14
100
AcDbArc
 50
180.0
 51
360.0
  0
ARC
  5
40F
100
AcDbEntity
  8
FORMATIONS-FLOWSTONE
 62
256
370
-1
 48
1.0
  6
ByLayer
100
AcDbCircle
 10
0.08
 20
0.18
 30
0.0
 40
0.14
100
AcDbArc
 50
180.0
 51
360.0
  0
ARC
  5
410
100
AcDbEntity
  8
FORMATIONS-FLOWSTONE
 62
256
370
-1
 48
1.0
  6
ByLayer
100
AcDbCircle
 10
-0.2
 20
-0.08
 30
0.0
 40
0.14
100
AcDbArc
 50
180.0
 51
360.0
  0
ARC
  5
411
100
AcDbEntity
  8
FORMATIONS-FLOWSTONE
 62
256
370
-1
 48
1.0
  6
ByLayer
100
AcDbCircle
 10
0.08
 20
-0.08
 30
0.0
 40
0.14
100
AcDbArc
 50
180.0
 51
360.0
  0
ENDBLK
  5
412
100
AcDbEntity
  8
0
100
AcDbBlockEnd
  0
BLOCK
  5
413
100
AcDbEntity
  8
0
100
AcDbBlockBegin
  2
SYM_HELICTITE
 70
0
 10
0.0
 20
0.0
 30
0.0
  3
SYM_HELICTITE
  1

  0
LINE
  5
414
100
AcDbEntity
  8
FORMATIONS-MOONMILK-POPCORN
 62
256
370
-1
 48
1.0
  6
ByLayer
100
AcDbLine
 10
0.0
 20
0.4
 30
0.0
 11
0.0
 21
0.2
 31
0.0
  0
ARC
  5
415
100
AcDbEntity
  8
FORMATIONS-MOONMILK-POPCORN
 62
256
370
-1
 48
1.0
  6
ByLayer
100
AcDbCircle
 10
0.1
 20
0.2
 30
0.0
 40
0.1
100
AcDbArc
 50
90.0
 51
270.0
  0
ARC
  5
416
100
AcDbEntity
  8
FORMATIONS-MOONMILK-POPCORN
 62
256
370
-1
 48
1.0
  6
ByLayer
100
AcDbCircle
 10
0.1
 20
0.0
 30
0.0
 40
0.1
100
AcDbArc
 50
270.0
 51
450.0
  0
ARC
  5
417
100
AcDbEntity
  8
FORMATIONS-MOONMILK-POPCORN
 62
256
370
-1
 48
1.0
  6
ByLayer
100
AcDbCircle
 10
0.1
 20
-0.2
 30
0.0
 40
0.1
100
AcDbArc
 50
90.0
 51
250.0
  0
ENDBLK
  5
418
100
AcDbEntity
  8
0
100
AcDbBlockEnd
  0
BLOCK
  5
419
100
AcDbEntity
  8
0
100
AcDbBlockBegin
  2
SYM_MASONRY
 70
0
 10
0.0
 20
0.0
 30
0.0
  3
SYM_MASONRY
  1

  0
LINE
  5
41A
100
AcDbEntity
  8
ARCHAEOLOGY
 62
256
370
-1
 48
1.0
  6
ByLayer
100
AcDbLine
 10
-0.36
 20
-0.24
 30
0.0
 11
0.36
 21
-0.24
 31
0.0
  0
LINE
  5
41B
100
AcDbEntity
  8
ARCHAEOLOGY
 62
256
370
-1
 48
1.0
  6
ByLayer
100
AcDbLine
 10
0.36
 20
-0.24
 30
0.0
 11
0.36
 21
0.24
 31
0.0
  0
LINE
  5
41C
100
AcDbEntity
  8
ARCHAEOLOGY
 62
256
370
-1
 48
1.0
  6
ByLayer
100
AcDbLine
 10
0.36
 20
0.24
 30
0.0
 11
-0.36
 21
0.24
 31
0.0
  0
LINE
  5
41D
100
AcDbEntity
  8
ARCHAEOLOGY
 62
256
370
-1
 48
1.0
  6
ByLayer
100
AcDbLine
 10
-0.36
 20
0.24
 30
0.0
 11
-0.36
 21
-0.24
 31
0.0
  0
LINE
  5
41E
100
AcDbEntity
  8
ARCHAEOLOGY
 62
256
370
-1
 48
1.0
  6
ByLayer
100
AcDbLine
 10
-0.36
 20
0.0
 30
0.0
 11
0.36
 21
0.0
 31
0.0
  0
LINE
  5
41F
100
AcDbEntity
  8
ARCHAEOLOGY
 62
256
370
-1
 48
1.0
  6
ByLayer
100
AcDbLine
 10
-0.1
 20
0.0
 30
0.0
 11
-0.1
 21
0.24
 31
0.0
  0
LINE
  5
420
100
AcDbEntity
  8
ARCHAEOLOGY
 62
256
370
-1
 48
1.0
  6
ByLayer
100
AcDbLine
 10
0.16
 20
0.0
 30
0.0
 11
0.16
 21
0.24
 31
0.0
  0
LINE
  5
421
100
AcDbEntity
  8
ARCHAEOLOGY
 62
256
370
-1
 48
1.0
  6
ByLayer
100
AcDbLine
 10
-0.22
 20
-0.24
 30
0.0
 11
-0.22
 21
0.0
 31
0.0
  0
LINE
  5
422
100
AcDbEntity
  8
ARCHAEOLOGY
 62
256
370
-1
 48
1.0
  6
ByLayer
100
AcDbLine
 10
0.04
 20
-0.24
 30
0.0
 11
0.04
 21
0.0
 31
0.0
  0
LINE
  5
423
100
AcDbEntity
  8
ARCHAEOLOGY
 62
256
370
-1
 48
1.0
  6
ByLayer
100
AcDbLine
 10
0.26
 20
-0.24
 30
0.0
 11
0.26
 21
0.0
 31
0.0
  0
ENDBLK
  5
424
100
AcDbEntity
  8
0
100
AcDbBlockEnd
  0
BLOCK
  5
425
100
AcDbEntity
  8
0
100
AcDbBlockBegin
  2
SYM_PIT
 70
0
 10
0.0
 20
0.0
 30
0.0
  3
SYM_PIT
  1

  0
CIRCLE
  5
426
100
AcDbEntity
  8
PITS-DOMES
 62
256
370
-1
 48
1.0
  6
ByLayer
100
AcDbCircle
 10
0.0
 20
0.0
 30
0.0
 40
0.5
  0
LINE
  5
427
100
AcDbEntity
  8
PITS-DOMES
 62
256
370
-1
 48
1.0
  6
ByLayer
100
AcDbLine
 10
0.5
 20
0.0
 30
0.0
 11
0.25
 21
0.0
 31
0.0
  0
LINE
  5
428
100
AcDbEntity
  8
PITS-DOMES
 62
256
370
-1
 48
1.0
  6
ByLayer
100
AcDbLine
 10
0.4330127018922194
 20
0.25
 30
0.0
 11
0.2165063509461097
 21
0.125
 31
0.0
  0
LINE
  5
429
100
AcDbEntity
  8
PITS-DOMES
 62
256
370
-1
 48
1.0
  6
ByLayer
100
AcDbLine
 10
0.2500000000000001
 20
0.4330127018922193
 30
0.0
 11
0.125
 21
0.2165063509461096
 31
0.0
  0
LINE
  5
42A
100
AcDbEntity
  8
PITS-DOMES
 62
256
370
-1
 48
1.0
  6
ByLayer
100
AcDbLine
 10
0.0
 20
0.5
 30
0.0
 11
0.0
 21
0.25
 31
0.0
  0
LINE
  5
42B
100
AcDbEntity
  8
PITS-DOMES
 62
256
370
-1
 48
1.0
  6
ByLayer
100
AcDbLine
 10
-0.2499999999999999
 20
0.4330127018922194
 30
0.0
 11
-0.1249999999999999
 21
0.2165063509461097
 31
0.0
  0
LINE
  5
42C
100
AcDbEntity
  8
PITS-DOMES
 62
256
370
-1
 48
1.0
  6
ByLayer
100
AcDbLine
 10
-0.4330127018922194
 20
0.25
 30
0.0
 11
-0.2165063509461097
 21
0.125
 31
0.0
  0
LINE
  5
42D
100
AcDbEntity
  8
PITS-DOMES
 62
256
370
-1
 48
1.0
  6
ByLayer
100
AcDbLine
 10
-0.5
 20
0.0000000000000001
 30
0.0
 11
-0.25
 21
0.0
 31
0.0
  0
LINE
  5
42E
100
AcDbEntity
  8
PITS-DOMES
 62
256
370
-1
 48
1.0
  6
ByLayer
100
AcDbLine
 10
-0.4330127018922193
 20
-0.2500000000000001
 30
0.0
 11
-0.2165063509461096
 21
-0.125
 31
0.0
  0
LINE
  5
42F
100
AcDbEntity
  8
PITS-DOMES
 62
256
370
-1
 48
1.0
  6
ByLayer
100
AcDbLine
 10
-0.2500000000000002
 20
-0.4330127018922192
 30
0.0
 11
-0.1250000000000001
 21
-0.2165063509461096
 31
0.0
  0
LINE
  5
430
100
AcDbEntity
  8
PITS-DOMES
 62
256
370
-1
 48
1.0
  6
ByLayer
100
AcDbLine
 10
-0.0000000000000001
 20
-0.5
 30
0.0
 11
-0.0
 21
-0.25
 31
0.0
  0
LINE
  5
431
100
AcDbEntity
  8
PITS-DOMES
 62
256
370
-1
 48
1.0
  6
ByLayer
100
AcDbLine
 10
0.2500000000000001
 20
-0.4330127018922193
 30
0.0
 11
0.125
 21
-0.2165063509461096
 31
0.0
  0
LINE
  5
432
100
AcDbEntity
  8
PITS-DOMES
 62
256
370
-1
 48
1.0
  6
ByLayer
100
AcDbLine
 10
0.4330127018922192
 20
-0.2500000000000002
 30
0.0
 11
0.2165063509461096
 21
-0.1250000000000001
 31
0.0
  0
ENDBLK
  5
433
100
AcDbEntity
  8
0
100
AcDbBlockEnd
  0
BLOCK
  5
434
100
AcDbEntity
  8
0
100
AcDbBlockBegin
  2
SYM_Y_HANG
 70
0
 10
0.0
 20
0.0
 30
0.0
  3
SYM_Y_HANG
  1

  0
CIRCLE
  5
435
100
AcDbEntity
  8
ANCHORS-BOLTS
 62
256
370
-1
 48
1.0
  6
ByLayer
100
AcDbCircle
 10
-0.32
 20
0.42
 30
0.0
 40
0.085
  0
CIRCLE
  5
436
100
AcDbEntity
  8
ANCHORS-BOLTS
 62
256
370
-1
 48
1.0
  6
ByLayer
100
AcDbCircle
 10
0.32
 20
0.42
 30
0.0
 40
0.085
  0
LINE
  5
437
100
AcDbEntity
  8
ANCHORS-BOLTS
 62
256
370
-1
 48
1.0
  6
ByLayer
100
AcDbLine
 10
-0.26
 20
0.36
 30
0.0
 11
-0.03
 21
0.12
 31
0.0
  0
LINE
  5
438
100
AcDbEntity
  8
ANCHORS-BOLTS
 62
256
370
-1
 48
1.0
  6
ByLayer
100
AcDbLine
 10
0.26
 20
0.36
 30
0.0
 11
0.03
 21
0.12
 31
0.0
  0
LINE
  5
439
100
AcDbEntity
  8
ANCHORS-BOLTS
 62
256
370
-1
 48
1.0
  6
ByLayer
100
AcDbLine
 10
0.0
 20
0.1
 30
0.0
 11
0.0
 21
-0.42
 31
0.0
  0
ENDBLK
  5
43A
100
AcDbEntity
  8
0
100
AcDbBlockEnd
  0
BLOCK
  5
43B
100
AcDbEntity
  8
0
100
AcDbBlockBegin
  2
SYM_STEPS
 70
0
 10
0.0
 20
0.0
 30
0.0
  3
SYM_STEPS
  1

  0
LINE
  5
43C
100
AcDbEntity
  8
ANCHORS-BOLTS
 62
256
370
-1
 48
1.0
  6
ByLayer
100
AcDbLine
 10
-0.3
 20
-0.3
 30
0.0
 11
-0.1
 21
-0.3
 31
0.0
  0
LINE
  5
43D
100
AcDbEntity
  8
ANCHORS-BOLTS
 62
256
370
-1
 48
1.0
  6
ByLayer
100
AcDbLine
 10
-0.1
 20
-0.3
 30
0.0
 11
-0.1
 21
-0.1
 31
0.0
  0
LINE
  5
43E
100
AcDbEntity
  8
ANCHORS-BOLTS
 62
256
370
-1
 48
1.0
  6
ByLayer
100
AcDbLine
 10
-0.1
 20
-0.1
 30
0.0
 11
0.1
 21
-0.1
 31
0.0
  0
LINE
  5
43F
100
AcDbEntity
  8
ANCHORS-BOLTS
 62
256
370
-1
 48
1.0
  6
ByLayer
100
AcDbLine
 10
0.1
 20
-0.1
 30
0.0
 11
0.1
 21
0.1
 31
0.0
  0
LINE
  5
440
100
AcDbEntity
  8
ANCHORS-BOLTS
 62
256
370
-1
 48
1.0
  6
ByLayer
100
AcDbLine
 10
0.1
 20
0.1
 30
0.0
 11
0.3
 21
0.1
 31
0.0
  0
LINE
  5
441
100
AcDbEntity
  8
ANCHORS-BOLTS
 62
256
370
-1
 48
1.0
  6
ByLayer
100
AcDbLine
 10
0.3
 20
0.1
 30
0.0
 11
0.3
 21
0.3
 31
0.0
  0
ENDBLK
  5
442
100
AcDbEntity
  8
0
100
AcDbBlockEnd
  0
BLOCK
  5
443
100
AcDbEntity
  8
0
100
AcDbBlockBegin
  2
SYM_ARCHEO_EXCAVATION
 70
0
 10
0.0
 20
0.0
 30
0.0
  3
SYM_ARCHEO_EXCAVATION
  1

  0
LINE
  5
444
100
AcDbEntity
  8
ARCHAEOLOGY
 62
256
370
-1
 48
1.0
  6
ByLayer
100
AcDbLine
 10
-0.36
 20
-0.26
 30
0.0
 11
0.36
 21
-0.26
 31
0.0
  0
LINE
  5
445
100
AcDbEntity
  8
ARCHAEOLOGY
 62
256
370
-1
 48
1.0
  6
ByLayer
100
AcDbLine
 10
0.36
 20
-0.26
 30
0.0
 11
0.36
 21
0.26
 31
0.0
  0
LINE
  5
446
100
AcDbEntity
  8
ARCHAEOLOGY
 62
256
370
-1
 48
1.0
  6
ByLayer
100
AcDbLine
 10
0.36
 20
0.26
 30
0.0
 11
-0.36
 21
0.26
 31
0.0
  0
LINE
  5
447
100
AcDbEntity
  8
ARCHAEOLOGY
 62
256
370
-1
 48
1.0
  6
ByLayer
100
AcDbLine
 10
-0.36
 20
0.26
 30
0.0
 11
-0.36
 21
-0.26
 31
0.0
  0
LINE
  5
448
100
AcDbEntity
  8
ARCHAEOLOGY
 62
256
370
-1
 48
1.0
  6
ByLayer
100
AcDbLine
 10
-0.36
 20
-0.1
 30
0.0
 11
-0.2
 21
0.26
 31
0.0
  0
LINE
  5
449
100
AcDbEntity
  8
ARCHAEOLOGY
 62
256
370
-1
 48
1.0
  6
ByLayer
100
AcDbLine
 10
-0.2
 20
-0.26
 30
0.0
 11
0.04
 21
0.26
 31
0.0
  0
LINE
  5
44A
100
AcDbEntity
  8
ARCHAEOLOGY
 62
256
370
-1
 48
1.0
  6
ByLayer
100
AcDbLine
 10
0.04
 20
-0.26
 30
0.0
 11
0.28
 21
0.26
 31
0.0
  0
LINE
  5
44B
100
AcDbEntity
  8
ARCHAEOLOGY
 62
256
370
-1
 48
1.0
  6
ByLayer
100
AcDbLine
 10
0.24
 20
-0.26
 30
0.0
 11
0.36
 21
0.0
 31
0.0
  0
ENDBLK
  5
44C
100
AcDbEntity
  8
0
100
AcDbBlockEnd
  0
BLOCK
  5
44D
100
AcDbEntity
  8
0
100
AcDbBlockBegin
  2
SYM_DIG
 70
0
 10
0.0
 20
0.0
 30
0.0
  3
SYM_DIG
  1

  0
LINE
  5
44E
100
AcDbEntity
  8
NOTES-DIG
 62
256
370
-1
 48
1.0
  6
ByLayer
100
AcDbLine
 10
0.0
 20
-0.34
 30
0.0
 11
0.0
 21
0.3
 31
0.0
  0
ARC
  5
44F
100
AcDbEntity
  8
NOTES-DIG
 62
256
370
-1
 48
1.0
  6
ByLayer
100
AcDbCircle
 10
0.0
 20
0.12
 30
0.0
 40
0.3
100
AcDbArc
 50
20.0
 51
160.0
  0
LINE
  5
450
100
AcDbEntity
  8
NOTES-DIG
 62
256
370
-1
 48
1.0
  6
ByLayer
100
AcDbLine
 10
-0.28
 20
0.22
 30
0.0
 11
-0.3
 21
0.1
 31
0.0
  0
LINE
  5
451
100
AcDbEntity
  8
NOTES-DIG
 62
256
370
-1
 48
1.0
  6
ByLayer
100
AcDbLine
 10
0.28
 20
0.22
 30
0.0
 11
0.3
 21
0.1
 31
0.0
  0
ENDBLK
  5
452
100
AcDbEntity
  8
0
100
AcDbBlockEnd
  0
BLOCK
  5
453
100
AcDbEntity
  8
0
100
AcDbBlockBegin
  2
SYM_BRIDGE
 70
0
 10
0.0
 20
0.0
 30
0.0
  3
SYM_BRIDGE
  1

  0
LINE
  5
454
100
AcDbEntity
  8
ANCHORS-BOLTS
 62
256
370
-1
 48
1.0
  6
ByLayer
100
AcDbLine
 10
-0.5
 20
-0.1
 30
0.0
 11
0.5
 21
-0.1
 31
0.0
  0
LINE
  5
455
100
AcDbEntity
  8
ANCHORS-BOLTS
 62
256
370
-1
 48
1.0
  6
ByLayer
100
AcDbLine
 10
0.5
 20
-0.1
 30
0.0
 11
0.5
 21
0.1
 31
0.0
  0
LINE
  5
456
100
AcDbEntity
  8
ANCHORS-BOLTS
 62
256
370
-1
 48
1.0
  6
ByLayer
100
AcDbLine
 10
0.5
 20
0.1
 30
0.0
 11
-0.5
 21
0.1
 31
0.0
  0
LINE
  5
457
100
AcDbEntity
  8
ANCHORS-BOLTS
 62
256
370
-1
 48
1.0
  6
ByLayer
100
AcDbLine
 10
-0.5
 20
0.1
 30
0.0
 11
-0.5
 21
-0.1
 31
0.0
  0
LINE
  5
458
100
AcDbEntity
  8
ANCHORS-BOLTS
 62
256
370
-1
 48
1.0
  6
ByLayer
100
AcDbLine
 10
-0.3
 20
-0.1
 30
0.0
 11
-0.3
 21
0.1
 31
0.0
  0
LINE
  5
459
100
AcDbEntity
  8
ANCHORS-BOLTS
 62
256
370
-1
 48
1.0
  6
ByLayer
100
AcDbLine
 10
-0.1
 20
-0.1
 30
0.0
 11
-0.1
 21
0.1
 31
0.0
  0
LINE
  5
45A
100
AcDbEntity
  8
ANCHORS-BOLTS
 62
256
370
-1
 48
1.0
  6
ByLayer
100
AcDbLine
 10
0.1
 20
-0.1
 30
0.0
 11
0.1
 21
0.1
 31
0.0
  0
LINE
  5
45B
100
AcDbEntity
  8
ANCHORS-BOLTS
 62
256
370
-1
 48
1.0
  6
ByLayer
100
AcDbLine
 10
0.3
 20
-0.1
 30
0.0
 11
0.3
 21
0.1
 31
0.0
  0
ENDBLK
  5
45C
100
AcDbEntity
  8
0
100
AcDbBlockEnd
  0
BLOCK
  5
45D
100
AcDbEntity
  8
0
100
AcDbBlockBegin
  2
SYM_FLUTE
 70
0
 10
0.0
 20
0.0
 30
0.0
  3
SYM_FLUTE
  1

  0
LINE
  5
45E
100
AcDbEntity
  8
GEOLOGY-JOINTS-FRACTURES
 62
256
370
-1
 48
1.0
  6
ByLayer
100
AcDbLine
 10
-0.2
 20
0.3
 30
0.0
 11
-0.2
 21
-0.3
 31
0.0
  0
LINE
  5
45F
100
AcDbEntity
  8
GEOLOGY-JOINTS-FRACTURES
 62
256
370
-1
 48
1.0
  6
ByLayer
100
AcDbLine
 10
0.0
 20
0.3
 30
0.0
 11
0.0
 21
-0.3
 31
0.0
  0
LINE
  5
460
100
AcDbEntity
  8
GEOLOGY-JOINTS-FRACTURES
 62
256
370
-1
 48
1.0
  6
ByLayer
100
AcDbLine
 10
0.2
 20
0.3
 30
0.0
 11
0.2
 21
-0.3
 31
0.0
  0
ARC
  5
461
100
AcDbEntity
  8
GEOLOGY-JOINTS-FRACTURES
 62
256
370
-1
 48
1.0
  6
ByLayer
100
AcDbCircle
 10
-0.1
 20
0.3
 30
0.0
 40
0.1
100
AcDbArc
 50
0.0
 51
180.0
  0
ARC
  5
462
100
AcDbEntity
  8
GEOLOGY-JOINTS-FRACTURES
 62
256
370
-1
 48
1.0
  6
ByLayer
100
AcDbCircle
 10
0.1
 20
0.3
 30
0.0
 40
0.1
100
AcDbArc
 50
0.0
 51
180.0
  0
ENDBLK
  5
463
100
AcDbEntity
  8
0
100
AcDbBlockEnd
  0
BLOCK
  5
464
100
AcDbEntity
  8
0
100
AcDbBlockBegin
  2
SYM_ARAGONITE
 70
0
 10
0.0
 20
0.0
 30
0.0
  3
SYM_ARAGONITE
  1

  0
LINE
  5
465
100
AcDbEntity
  8
FORMATIONS-MOONMILK-POPCORN
 62
256
370
-1
 48
1.0
  6
ByLayer
100
AcDbLine
 10
0.0
 20
0.0
 30
0.0
 11
0.0
 21
0.36
 31
0.0
  0
LINE
  5
466
100
AcDbEntity
  8
FORMATIONS-MOONMILK-POPCORN
 62
256
370
-1
 48
1.0
  6
ByLayer
100
AcDbLine
 10
0.0
 20
0.0
 30
0.0
 11
0.3
 21
0.2
 31
0.0
  0
LINE
  5
467
100
AcDbEntity
  8
FORMATIONS-MOONMILK-POPCORN
 62
256
370
-1
 48
1.0
  6
ByLayer
100
AcDbLine
 10
0.0
 20
0.0
 30
0.0
 11
0.3
 21
-0.2
 31
0.0
  0
LINE
  5
468
100
AcDbEntity
  8
FORMATIONS-MOONMILK-POPCORN
 62
256
370
-1
 48
1.0
  6
ByLayer
100
AcDbLine
 10
0.0
 20
0.0
 30
0.0
 11
0.0
 21
-0.36
 31
0.0
  0
LINE
  5
469
100
AcDbEntity
  8
FORMATIONS-MOONMILK-POPCORN
 62
256
370
-1
 48
1.0
  6
ByLayer
100
AcDbLine
 10
0.0
 20
0.0
 30
0.0
 11
-0.3
 21
-0.2
 31
0.0
  0
LINE
  5
46A
100
AcDbEntity
  8
FORMATIONS-MOONMILK-POPCORN
 62
256
370
-1
 48
1.0
  6
ByLayer
100
AcDbLine
 10
0.0
 20
0.0
 30
0.0
 11
-0.3
 21
0.2
 31
0.0
  0
CIRCLE
  5
46B
100
AcDbEntity
  8
FORMATIONS-MOONMILK-POPCORN
 62
256
370
-1
 48
1.0
  6
ByLayer
100
AcDbCircle
 10
0.0
 20
0.0
 30
0.0
 40
0.04
  0
ENDBLK
  5
46C
100
AcDbEntity
  8
0
100
AcDbBlockEnd
  0
BLOCK
  5
46D
100
AcDbEntity
  8
0
100
AcDbBlockBegin
  2
TB_BAR_SCALE_1IN60FT
 70
0
 10
0.0
 20
0.0
 30
0.0
  3
TB_BAR_SCALE_1IN60FT
  1

  0
HATCH
  5
46E
100
AcDbEntity
  8
SCALE-BAR
 62
7
420
16777215
370
-1
 48
1.0
  6
ByLayer
100
AcDbHatch
 10
0.0
 20
0.0
 30
0.0
210
0.0
220
0.0
230
1.0
  2
SOLID
 70
1
 71
0
 91
2
 92
1
 93
0
 97
0
 92
1
 93
4
 72
1
 10
0.0
 20
0.0
 11
0.5
 21
0.0
 72
1
 10
0.5
 20
0.0
 11
0.5
 21
0.13
 72
1
 10
0.5
 20
0.13
 11
0.0
 21
0.13
 72
1
 10
0.0
 20
0.13
 11
0.0
 21
0.0
 97
0
 75
0
 76
1
 98
0
1001
ACAD
1010
0.0
1020
0.0
1030
0
  0
LWPOLYLINE
  5
46F
100
AcDbEntity
  8
SCALE-BAR
 62
256
370
-1
 48
1.0
  6
ByLayer
100
AcDbPolyline
 90
4
 70
1
 10
0.0
 20
0.0
 10
0.5
 20
0.0
 10
0.5
 20
0.13
 10
0.0
 20
0.13
  0
LWPOLYLINE
  5
470
100
AcDbEntity
  8
SCALE-BAR
 62
256
370
-1
 48
1.0
  6
ByLayer
100
AcDbPolyline
 90
4
 70
1
 10
0.5
 20
0.0
 10
1.0
 20
0.0
 10
1.0
 20
0.13
 10
0.5
 20
0.13
  0
LINE
  5
471
100
AcDbEntity
  8
SCALE-BAR
 62
256
370
-1
 48
1.0
  6
ByLayer
100
AcDbLine
 10
1.0
 20
0.065
 30
0.0
 11
3.0
 21
0.065
 31
0.0
  0
LINE
  5
472
100
AcDbEntity
  8
SCALE-BAR
 62
256
370
-1
 48
1.0
  6
ByLayer
100
AcDbLine
 10
0.0
 20
-0.05
 30
0.0
 11
0.0
 21
0.18
 31
0.0
  0
TEXT
  5
473
100
AcDbEntity
  8
SCALE-BAR
 62
256
370
-1
 48
1.0
  6
ByLayer
100
AcDbText
 10
0.0
 20
-0.1
 30
0.0
 40
0.11
  1
0
 50
0.0
 41
1.0
  7
textstyle69
 71
0
 72
1
 11
0.0
 21
-0.1
 31
0.0
100
AcDbText
 73
3
  0
LINE
  5
474
100
AcDbEntity
  8
SCALE-BAR
 62
256
370
-1
 48
1.0
  6
ByLayer
100
AcDbLine
 10
0.5
 20
-0.05
 30
0.0
 11
0.5
 21
0.18
 31
0.0
  0
TEXT
  5
475
100
AcDbEntity
  8
SCALE-BAR
 62
256
370
-1
 48
1.0
  6
ByLayer
100
AcDbText
 10
0.5
 20
-0.1
 30
0.0
 40
0.11
  1
30
 50
0.0
 41
1.0
  7
textstyle76
 71
0
 72
1
 11
0.5
 21
-0.1
 31
0.0
100
AcDbText
 73
3
  0
LINE
  5
476
100
AcDbEntity
  8
SCALE-BAR
 62
256
370
-1
 48
1.0
  6
ByLayer
100
AcDbLine
 10
1.0
 20
-0.05
 30
0.0
 11
1.0
 21
0.18
 31
0.0
  0
TEXT
  5
477
100
AcDbEntity
  8
SCALE-BAR
 62
256
370
-1
 48
1.0
  6
ByLayer
100
AcDbText
 10
1.0
 20
-0.1
 30
0.0
 40
0.11
  1
60
 50
0.0
 41
1.0
  7
textstyle47
 71
0
 72
1
 11
1.0
 21
-0.1
 31
0.0
100
AcDbText
 73
3
  0
LINE
  5
478
100
AcDbEntity
  8
SCALE-BAR
 62
256
370
-1
 48
1.0
  6
ByLayer
100
AcDbLine
 10
2.0
 20
-0.05
 30
0.0
 11
2.0
 21
0.18
 31
0.0
  0
TEXT
  5
479
100
AcDbEntity
  8
SCALE-BAR
 62
256
370
-1
 48
1.0
  6
ByLayer
100
AcDbText
 10
2.0
 20
-0.1
 30
0.0
 40
0.11
  1
120
 50
0.0
 41
1.0
  7
textstyle92
 71
0
 72
1
 11
2.0
 21
-0.1
 31
0.0
100
AcDbText
 73
3
  0
LINE
  5
47A
100
AcDbEntity
  8
SCALE-BAR
 62
256
370
-1
 48
1.0
  6
ByLayer
100
AcDbLine
 10
3.0
 20
-0.05
 30
0.0
 11
3.0
 21
0.18
 31
0.0
  0
TEXT
  5
47B
100
AcDbEntity
  8
SCALE-BAR
 62
256
370
-1
 48
1.0
  6
ByLayer
100
AcDbText
 10
3.0
 20
-0.1
 30
0.0
 40
0.11
  1
180
 50
0.0
 41
1.0
  7
textstyle87
 71
0
 72
1
 11
3.0
 21
-0.1
 31
0.0
100
AcDbText
 73
3
  0
TEXT
  5
47C
100
AcDbEntity
  8
SCALE-BAR
 62
256
370
-1
 48
1.0
  6
ByLayer
100
AcDbText
 10
0.0
 20
0.48
 30
0.0
 40
0.14
  1
SCALE: 1" = 60 FT
 50
0.0
 41
1.0
  7
textstyle80
 71
0
 72
0
 11
0.0
 21
0.48
 31
0.0
100
AcDbText
 73
1
  0
ENDBLK
  5
47D
100
AcDbEntity
  8
0
100
AcDbBlockEnd
  0
BLOCK
  5
47E
100
AcDbEntity
  8
0
100
AcDbBlockBegin
  2
_CLOSEDFILLED
 70
0
 10
0.0
 20
0.0
 30
0.0
  3
_CLOSEDFILLED
  1

  0
SOLID
  5
47F
100
AcDbEntity
  8
0
 62
0
370
-1
 48
1.0
  6
ByBlock
100
AcDbTrace
 10
-1.0
 20
0.1643989837240254
 30
0.0
 11
0.0
 21
0.0
 31
0.0
 12
-1.0
 22
-0.1643989837240254
 32
0.0
 13
-1.0
 23
-0.1643989837240254
 33
0.0
 39
0.0
  0
ENDBLK
  5
480
100
AcDbEntity
  8
0
100
AcDbBlockEnd
  0
BLOCK
  5
481
100
AcDbEntity
  8
0
100
AcDbBlockBegin
  2
SYM_STALACTITE
 70
0
 10
0.0
 20
0.0
 30
0.0
  3
SYM_STALACTITE
  1

  0
LWPOLYLINE
  5
482
100
AcDbEntity
  8
FORMATIONS-DRIP
 62
256
370
-1
 48
1.0
  6
ByLayer
100
AcDbPolyline
 90
3
 70
1
 10
-0.25
 20
0.5
 10
0.25
 20
0.5
 10
0.0
 20
-0.5
  0
ENDBLK
  5
483
100
AcDbEntity
  8
0
100
AcDbBlockEnd
  0
BLOCK
  5
484
100
AcDbEntity
  8
0
100
AcDbBlockBegin
  2
AREA_STIPPLE
 70
0
 10
0.0
 20
0.0
 30
0.0
  3
AREA_STIPPLE
  1

  0
CIRCLE
  5
485
100
AcDbEntity
  8
0
 62
256
370
-1
 48
1.0
  6
ByLayer
100
AcDbCircle
 10
0.0
 20
0.0
 30
0.0
 40
0.05
  0
ENDBLK
  5
486
100
AcDbEntity
  8
0
100
AcDbBlockEnd
  0
BLOCK
  5
487
100
AcDbEntity
  8
0
100
AcDbBlockBegin
  2
TB_BAR_SCALE_1IN300FT
 70
0
 10
0.0
 20
0.0
 30
0.0
  3
TB_BAR_SCALE_1IN300FT
  1

  0
HATCH
  5
488
100
AcDbEntity
  8
SCALE-BAR
 62
7
420
16777215
370
-1
 48
1.0
  6
ByLayer
100
AcDbHatch
 10
0.0
 20
0.0
 30
0.0
210
0.0
220
0.0
230
1.0
  2
SOLID
 70
1
 71
0
 91
2
 92
1
 93
0
 97
0
 92
1
 93
4
 72
1
 10
0.0
 20
0.0
 11
0.5
 21
0.0
 72
1
 10
0.5
 20
0.0
 11
0.5
 21
0.13
 72
1
 10
0.5
 20
0.13
 11
0.0
 21
0.13
 72
1
 10
0.0
 20
0.13
 11
0.0
 21
0.0
 97
0
 75
0
 76
1
 98
0
1001
ACAD
1010
0.0
1020
0.0
1030
0
  0
LWPOLYLINE
  5
489
100
AcDbEntity
  8
SCALE-BAR
 62
256
370
-1
 48
1.0
  6
ByLayer
100
AcDbPolyline
 90
4
 70
1
 10
0.0
 20
0.0
 10
0.5
 20
0.0
 10
0.5
 20
0.13
 10
0.0
 20
0.13
  0
LWPOLYLINE
  5
48A
100
AcDbEntity
  8
SCALE-BAR
 62
256
370
-1
 48
1.0
  6
ByLayer
100
AcDbPolyline
 90
4
 70
1
 10
0.5
 20
0.0
 10
1.0
 20
0.0
 10
1.0
 20
0.13
 10
0.5
 20
0.13
  0
LINE
  5
48B
100
AcDbEntity
  8
SCALE-BAR
 62
256
370
-1
 48
1.0
  6
ByLayer
100
AcDbLine
 10
1.0
 20
0.065
 30
0.0
 11
3.0
 21
0.065
 31
0.0
  0
LINE
  5
48C
100
AcDbEntity
  8
SCALE-BAR
 62
256
370
-1
 48
1.0
  6
ByLayer
100
AcDbLine
 10
0.0
 20
-0.05
 30
0.0
 11
0.0
 21
0.18
 31
0.0
  0
TEXT
  5
48D
100
AcDbEntity
  8
SCALE-BAR
 62
256
370
-1
 48
1.0
  6
ByLayer
100
AcDbText
 10
0.0
 20
-0.1
 30
0.0
 40
0.11
  1
0
 50
0.0
 41
1.0
  7
textstyle99
 71
0
 72
1
 11
0.0
 21
-0.1
 31
0.0
100
AcDbText
 73
3
  0
LINE
  5
48E
100
AcDbEntity
  8
SCALE-BAR
 62
256
370
-1
 48
1.0
  6
ByLayer
100
AcDbLine
 10
0.5
 20
-0.05
 30
0.0
 11
0.5
 21
0.18
 31
0.0
  0
TEXT
  5
48F
100
AcDbEntity
  8
SCALE-BAR
 62
256
370
-1
 48
1.0
  6
ByLayer
100
AcDbText
 10
0.5
 20
-0.1
 30
0.0
 40
0.11
  1
150
 50
0.0
 41
1.0
  7
textstyle40
 71
0
 72
1
 11
0.5
 21
-0.1
 31
0.0
100
AcDbText
 73
3
  0
LINE
  5
490
100
AcDbEntity
  8
SCALE-BAR
 62
256
370
-1
 48
1.0
  6
ByLayer
100
AcDbLine
 10
1.0
 20
-0.05
 30
0.0
 11
1.0
 21
0.18
 31
0.0
  0
TEXT
  5
491
100
AcDbEntity
  8
SCALE-BAR
 62
256
370
-1
 48
1.0
  6
ByLayer
100
AcDbText
 10
1.0
 20
-0.1
 30
0.0
 40
0.11
  1
300
 50
0.0
 41
1.0
  7
textstyle16
 71
0
 72
1
 11
1.0
 21
-0.1
 31
0.0
100
AcDbText
 73
3
  0
LINE
  5
492
100
AcDbEntity
  8
SCALE-BAR
 62
256
370
-1
 48
1.0
  6
ByLayer
100
AcDbLine
 10
2.0
 20
-0.05
 30
0.0
 11
2.0
 21
0.18
 31
0.0
  0
TEXT
  5
493
100
AcDbEntity
  8
SCALE-BAR
 62
256
370
-1
 48
1.0
  6
ByLayer
100
AcDbText
 10
2.0
 20
-0.1
 30
0.0
 40
0.11
  1
600
 50
0.0
 41
1.0
  7
textstyle8
 71
0
 72
1
 11
2.0
 21
-0.1
 31
0.0
100
AcDbText
 73
3
  0
LINE
  5
494
100
AcDbEntity
  8
SCALE-BAR
 62
256
370
-1
 48
1.0
  6
ByLayer
100
AcDbLine
 10
3.0
 20
-0.05
 30
0.0
 11
3.0
 21
0.18
 31
0.0
  0
TEXT
  5
495
100
AcDbEntity
  8
SCALE-BAR
 62
256
370
-1
 48
1.0
  6
ByLayer
100
AcDbText
 10
3.0
 20
-0.1
 30
0.0
 40
0.11
  1
900
 50
0.0
 41
1.0
  7
textstyle20
 71
0
 72
1
 11
3.0
 21
-0.1
 31
0.0
100
AcDbText
 73
3
  0
TEXT
  5
496
100
AcDbEntity
  8
SCALE-BAR
 62
256
370
-1
 48
1.0
  6
ByLayer
100
AcDbText
 10
0.0
 20
0.48
 30
0.0
 40
0.14
  1
SCALE: 1" = 300 FT
 50
0.0
 41
1.0
  7
textstyle37
 71
0
 72
0
 11
0.0
 21
0.48
 31
0.0
100
AcDbText
 73
1
  0
ENDBLK
  5
497
100
AcDbEntity
  8
0
100
AcDbBlockEnd
  0
BLOCK
  5
498
100
AcDbEntity
  8
0
100
AcDbBlockBegin
  2
SYM_FLOWSTONE
 70
0
 10
0.0
 20
0.0
 30
0.0
  3
SYM_FLOWSTONE
  1

  0
ARC
  5
499
100
AcDbEntity
  8
FORMATIONS-FLOWSTONE
 62
256
370
-1
 48
1.0
  6
ByLayer
100
AcDbCircle
 10
0.0
 20
0.0
 30
0.0
 40
0.3
100
AcDbArc
 50
200.0
 51
340.0
  0
ENDBLK
  5
49A
100
AcDbEntity
  8
0
100
AcDbBlockEnd
  0
BLOCK
  5
49B
100
AcDbEntity
  8
0
100
AcDbBlockBegin
  2
SYM_CLAY_CHOKE
 70
0
 10
0.0
 20
0.0
 30
0.0
  3
SYM_CLAY_CHOKE
  1

  0
LINE
  5
49C
100
AcDbEntity
  8
SEDIMENT-CLAY-MUD
 62
256
370
-1
 48
1.0
  6
ByLayer
100
AcDbLine
 10
0.3
 20
0.32
 30
0.0
 11
0.3
 21
-0.32
 31
0.0
  0
LINE
  5
49D
100
AcDbEntity
  8
SEDIMENT-CLAY-MUD
 62
256
370
-1
 48
1.0
  6
ByLayer
100
AcDbLine
 10
-0.3
 20
0.2
 30
0.0
 11
-0.16
 21
0.2
 31
0.0
  0
LINE
  5
49E
100
AcDbEntity
  8
SEDIMENT-CLAY-MUD
 62
256
370
-1
 48
1.0
  6
ByLayer
100
AcDbLine
 10
-0.06
 20
0.2
 30
0.0
 11
0.08
 21
0.2
 31
0.0
  0
LINE
  5
49F
100
AcDbEntity
  8
SEDIMENT-CLAY-MUD
 62
256
370
-1
 48
1.0
  6
ByLayer
100
AcDbLine
 10
-0.22
 20
0.0
 30
0.0
 11
-0.08
 21
0.0
 31
0.0
  0
LINE
  5
4A0
100
AcDbEntity
  8
SEDIMENT-CLAY-MUD
 62
256
370
-1
 48
1.0
  6
ByLayer
100
AcDbLine
 10
0.04
 20
0.0
 30
0.0
 11
0.18
 21
0.0
 31
0.0
  0
LINE
  5
4A1
100
AcDbEntity
  8
SEDIMENT-CLAY-MUD
 62
256
370
-1
 48
1.0
  6
ByLayer
100
AcDbLine
 10
-0.3
 20
-0.2
 30
0.0
 11
-0.16
 21
-0.2
 31
0.0
  0
LINE
  5
4A2
100
AcDbEntity
  8
SEDIMENT-CLAY-MUD
 62
256
370
-1
 48
1.0
  6
ByLayer
100
AcDbLine
 10
-0.06
 20
-0.2
 30
0.0
 11
0.08
 21
-0.2
 31
0.0
  0
ENDBLK
  5
4A3
100
AcDbEntity
  8
0
100
AcDbBlockEnd
  0
BLOCK
  5
4A4
100
AcDbEntity
  8
0
100
AcDbBlockBegin
  2
TB_BAR_SCALE_1IN40FT
 70
0
 10
0.0
 20
0.0
 30
0.0
  3
TB_BAR_SCALE_1IN40FT
  1

  0
HATCH
  5
4A5
100
AcDbEntity
  8
SCALE-BAR
 62
7
420
16777215
370
-1
 48
1.0
  6
ByLayer
100
AcDbHatch
 10
0.0
 20
0.0
 30
0.0
210
0.0
220
0.0
230
1.0
  2
SOLID
 70
1
 71
0
 91
2
 92
1
 93
0
 97
0
 92
1
 93
4
 72
1
 10
0.0
 20
0.0
 11
0.5
 21
0.0
 72
1
 10
0.5
 20
0.0
 11
0.5
 21
0.13
 72
1
 10
0.5
 20
0.13
 11
0.0
 21
0.13
 72
1
 10
0.0
 20
0.13
 11
0.0
 21
0.0
 97
0
 75
0
 76
1
 98
0
1001
ACAD
1010
0.0
1020
0.0
1030
0
  0
LWPOLYLINE
  5
4A6
100
AcDbEntity
  8
SCALE-BAR
 62
256
370
-1
 48
1.0
  6
ByLayer
100
AcDbPolyline
 90
4
 70
1
 10
0.0
 20
0.0
 10
0.5
 20
0.0
 10
0.5
 20
0.13
 10
0.0
 20
0.13
  0
LWPOLYLINE
  5
4A7
100
AcDbEntity
  8
SCALE-BAR
 62
256
370
-1
 48
1.0
  6
ByLayer
100
AcDbPolyline
 90
4
 70
1
 10
0.5
 20
0.0
 10
1.0
 20
0.0
 10
1.0
 20
0.13
 10
0.5
 20
0.13
  0
LINE
  5
4A8
100
AcDbEntity
  8
SCALE-BAR
 62
256
370
-1
 48
1.0
  6
ByLayer
100
AcDbLine
 10
1.0
 20
0.065
 30
0.0
 11
3.0
 21
0.065
 31
0.0
  0
LINE
  5
4A9
100
AcDbEntity
  8
SCALE-BAR
 62
256
370
-1
 48
1.0
  6
ByLayer
100
AcDbLine
 10
0.0
 20
-0.05
 30
0.0
 11
0.0
 21
0.18
 31
0.0
  0
TEXT
  5
4AA
100
AcDbEntity
  8
SCALE-BAR
 62
256
370
-1
 48
1.0
  6
ByLayer
100
AcDbText
 10
0.0
 20
-0.1
 30
0.0
 40
0.11
  1
0
 50
0.0
 41
1.0
  7
textstyle91
 71
0
 72
1
 11
0.0
 21
-0.1
 31
0.0
100
AcDbText
 73
3
  0
LINE
  5
4AB
100
AcDbEntity
  8
SCALE-BAR
 62
256
370
-1
 48
1.0
  6
ByLayer
100
AcDbLine
 10
0.5
 20
-0.05
 30
0.0
 11
0.5
 21
0.18
 31
0.0
  0
TEXT
  5
4AC
100
AcDbEntity
  8
SCALE-BAR
 62
256
370
-1
 48
1.0
  6
ByLayer
100
AcDbText
 10
0.5
 20
-0.1
 30
0.0
 40
0.11
  1
20
 50
0.0
 41
1.0
  7
textstyle52
 71
0
 72
1
 11
0.5
 21
-0.1
 31
0.0
100
AcDbText
 73
3
  0
LINE
  5
4AD
100
AcDbEntity
  8
SCALE-BAR
 62
256
370
-1
 48
1.0
  6
ByLayer
100
AcDbLine
 10
1.0
 20
-0.05
 30
0.0
 11
1.0
 21
0.18
 31
0.0
  0
TEXT
  5
4AE
100
AcDbEntity
  8
SCALE-BAR
 62
256
370
-1
 48
1.0
  6
ByLayer
100
AcDbText
 10
1.0
 20
-0.1
 30
0.0
 40
0.11
  1
40
 50
0.0
 41
1.0
  7
textstyle84
 71
0
 72
1
 11
1.0
 21
-0.1
 31
0.0
100
AcDbText
 73
3
  0
LINE
  5
4AF
100
AcDbEntity
  8
SCALE-BAR
 62
256
370
-1
 48
1.0
  6
ByLayer
100
AcDbLine
 10
2.0
 20
-0.05
 30
0.0
 11
2.0
 21
0.18
 31
0.0
  0
TEXT
  5
4B0
100
AcDbEntity
  8
SCALE-BAR
 62
256
370
-1
 48
1.0
  6
ByLayer
100
AcDbText
 10
2.0
 20
-0.1
 30
0.0
 40
0.11
  1
80
 50
0.0
 41
1.0
  7
textstyle114
 71
0
 72
1
 11
2.0
 21
-0.1
 31
0.0
100
AcDbText
 73
3
  0
LINE
  5
4B1
100
AcDbEntity
  8
SCALE-BAR
 62
256
370
-1
 48
1.0
  6
ByLayer
100
AcDbLine
 10
3.0
 20
-0.05
 30
0.0
 11
3.0
 21
0.18
 31
0.0
  0
TEXT
  5
4B2
100
AcDbEntity
  8
SCALE-BAR
 62
256
370
-1
 48
1.0
  6
ByLayer
100
AcDbText
 10
3.0
 20
-0.1
 30
0.0
 40
0.11
  1
120
 50
0.0
 41
1.0
  7
textstyle54
 71
0
 72
1
 11
3.0
 21
-0.1
 31
0.0
100
AcDbText
 73
3
  0
TEXT
  5
4B3
100
AcDbEntity
  8
SCALE-BAR
 62
256
370
-1
 48
1.0
  6
ByLayer
100
AcDbText
 10
0.0
 20
0.48
 30
0.0
 40
0.14
  1
SCALE: 1" = 40 FT
 50
0.0
 41
1.0
  7
textstyle74
 71
0
 72
0
 11
0.0
 21
0.48
 31
0.0
100
AcDbText
 73
1
  0
ENDBLK
  5
4B4
100
AcDbEntity
  8
0
100
AcDbBlockEnd
  0
BLOCK
  5
4B5
100
AcDbEntity
  8
0
100
AcDbBlockBegin
  2
_ARCHTICK
 70
0
 10
0.0
 20
0.0
 30
0.0
  3
_ARCHTICK
  1

  0
LWPOLYLINE
  5
4B6
100
AcDbEntity
  8
0
 62
0
370
-1
 48
1.0
  6
ByBlock
100
AcDbPolyline
 90
2
 70
0
 10
-0.5
 20
-0.5
 10
0.5
 20
0.5
  0
ENDBLK
  5
4B7
100
AcDbEntity
  8
0
100
AcDbBlockEnd
  0
BLOCK
  5
4B8
100
AcDbEntity
  8
0
100
AcDbBlockBegin
  2
SYM_CAVE_PEARL
 70
0
 10
0.0
 20
0.0
 30
0.0
  3
SYM_CAVE_PEARL
  1

  0
CIRCLE
  5
4B9
100
AcDbEntity
  8
FORMATIONS-MOONMILK-POPCORN
 62
256
370
-1
 48
1.0
  6
ByLayer
100
AcDbCircle
 10
-0.14
 20
0.08
 30
0.0
 40
0.1
  0
CIRCLE
  5
4BA
100
AcDbEntity
  8
FORMATIONS-MOONMILK-POPCORN
 62
256
370
-1
 48
1.0
  6
ByLayer
100
AcDbCircle
 10
0.12
 20
0.1
 30
0.0
 40
0.08
  0
CIRCLE
  5
4BB
100
AcDbEntity
  8
FORMATIONS-MOONMILK-POPCORN
 62
256
370
-1
 48
1.0
  6
ByLayer
100
AcDbCircle
 10
0.0
 20
-0.12
 30
0.0
 40
0.09
  0
CIRCLE
  5
4BC
100
AcDbEntity
  8
FORMATIONS-MOONMILK-POPCORN
 62
256
370
-1
 48
1.0
  6
ByLayer
100
AcDbCircle
 10
-0.14
 20
0.08
 30
0.0
 40
0.04
  0
ENDBLK
  5
4BD
100
AcDbEntity
  8
0
100
AcDbBlockEnd
  0
BLOCK
  5
4BE
100
AcDbEntity
  8
0
100
AcDbBlockBegin
  2
SYM_WALKWAY
 70
0
 10
0.0
 20
0.0
 30
0.0
  3
SYM_WALKWAY
  1

  0
LINE
  5
4BF
100
AcDbEntity
  8
ANCHORS-BOLTS
 62
256
370
-1
 48
1.0
  6
ByLayer
100
AcDbLine
 10
-0.5
 20
-0.08
 30
0.0
 11
0.5
 21
-0.08
 31
0.0
  0
LINE
  5
4C0
100
AcDbEntity
  8
ANCHORS-BOLTS
 62
256
370
-1
 48
1.0
  6
ByLayer
100
AcDbLine
 10
-0.5
 20
0.08
 30
0.0
 11
0.5
 21
0.08
 31
0.0
  0
LINE
  5
4C1
100
AcDbEntity
  8
ANCHORS-BOLTS
 62
256
370
-1
 48
1.0
  6
ByLayer
100
AcDbLine
 10
-0.5
 20
0.08
 30
0.0
 11
-0.5
 21
0.2
 31
0.0
  0
LINE
  5
4C2
100
AcDbEntity
  8
ANCHORS-BOLTS
 62
256
370
-1
 48
1.0
  6
ByLayer
100
AcDbLine
 10
0.0
 20
0.08
 30
0.0
 11
0.0
 21
0.2
 31
0.0
  0
LINE
  5
4C3
100
AcDbEntity
  8
ANCHORS-BOLTS
 62
256
370
-1
 48
1.0
  6
ByLayer
100
AcDbLine
 10
0.5
 20
0.08
 30
0.0
 11
0.5
 21
0.2
 31
0.0
  0
LINE
  5
4C4
100
AcDbEntity
  8
ANCHORS-BOLTS
 62
256
370
-1
 48
1.0
  6
ByLayer
100
AcDbLine
 10
-0.5
 20
0.2
 30
0.0
 11
0.5
 21
0.2
 31
0.0
  0
ENDBLK
  5
4C5
100
AcDbEntity
  8
0
100
AcDbBlockEnd
  0
BLOCK
  5
4C6
100
AcDbEntity
  8
0
100
AcDbBlockBegin
  2
SYM_HANDRAIL
 70
0
 10
0.0
 20
0.0
 30
0.0
  3
SYM_HANDRAIL
  1

  0
LINE
  5
4C7
100
AcDbEntity
  8
ANCHORS-BOLTS
 62
256
370
-1
 48
1.0
  6
ByLayer
100
AcDbLine
 10
-0.5
 20
0.0
 30
0.0
 11
0.5
 21
0.0
 31
0.0
  0
CIRCLE
  5
4C8
100
AcDbEntity
  8
ANCHORS-BOLTS
 62
256
370
-1
 48
1.0
  6
ByLayer
100
AcDbCircle
 10
-0.5
 20
0.0
 30
0.0
 40
0.05
  0
CIRCLE
  5
4C9
100
AcDbEntity
  8
ANCHORS-BOLTS
 62
256
370
-1
 48
1.0
  6
ByLayer
100
AcDbCircle
 10
0.0
 20
0.0
 30
0.0
 40
0.05
  0
CIRCLE
  5
4CA
100
AcDbEntity
  8
ANCHORS-BOLTS
 62
256
370
-1
 48
1.0
  6
ByLayer
100
AcDbCircle
 10
0.5
 20
0.0
 30
0.0
 40
0.05
  0
ENDBLK
  5
4CB
100
AcDbEntity
  8
0
100
AcDbBlockEnd
  0
BLOCK
  5
4CC
100
AcDbEntity
  8
0
100
AcDbBlockBegin
  2
TB_BORDER_ARCH_D_FULLBLEED
 70
0
 10
0.0
 20
0.0
 30
0.0
  3
TB_BORDER_ARCH_D_FULLBLEED
  1

  0
LWPOLYLINE
  5
4CD
100
AcDbEntity
  8
BORDER
 62
256
370
-1
 48
1.0
  6
ByLayer
100
AcDbPolyline
 90
4
 70
1
 10
0.0
 20
0.0
 10
36.0
 20
0.0
 10
36.0
 20
24.0
 10
0.0
 20
24.0
  0
ENDBLK
  5
4CE
100
AcDbEntity
  8
0
100
AcDbBlockEnd
  0
BLOCK
  5
4CF
100
AcDbEntity
  8
0
100
AcDbBlockBegin
  2
SYM_PALEO_MATERIAL
 70
0
 10
0.0
 20
0.0
 30
0.0
  3
SYM_PALEO_MATERIAL
  1

  0
ARC
  5
4D0
100
AcDbEntity
  8
ARCHAEOLOGY
 62
256
370
-1
 48
1.0
  6
ByLayer
100
AcDbCircle
 10
0.0
 20
0.0
 30
0.0
 40
0.3
100
AcDbArc
 50
0.0
 51
300.0
  0
ARC
  5
4D1
100
AcDbEntity
  8
ARCHAEOLOGY
 62
256
370
-1
 48
1.0
  6
ByLayer
100
AcDbCircle
 10
0.03
 20
0.0
 30
0.0
 40
0.19
100
AcDbArc
 50
20.0
 51
320.0
  0
ARC
  5
4D2
100
AcDbEntity
  8
ARCHAEOLOGY
 62
256
370
-1
 48
1.0
  6
ByLayer
100
AcDbCircle
 10
0.05
 20
0.0
 30
0.0
 40
0.09
100
AcDbArc
 50
40.0
 51
340.0000000000000568
  0
LINE
  5
4D3
100
AcDbEntity
  8
ARCHAEOLOGY
 62
256
370
-1
 48
1.0
  6
ByLayer
100
AcDbLine
 10
0.3
 20
0.0
 30
0.0
 11
0.44
 21
0.08
 31
0.0
  0
ENDBLK
  5
4D4
100
AcDbEntity
  8
0
100
AcDbBlockEnd
  0
BLOCK
  5
4D5
100
AcDbEntity
  8
0
100
AcDbBlockBegin
  2
SYM_BONES
 70
0
 10
0.0
 20
0.0
 30
0.0
  3
SYM_BONES
  1

  0
LINE
  5
4D6
100
AcDbEntity
  8
ARCHAEOLOGY
 62
256
370
-1
 48
1.0
  6
ByLayer
100
AcDbLine
 10
-0.3
 20
-0.12
 30
0.0
 11
0.3
 21
0.12
 31
0.0
  0
CIRCLE
  5
4D7
100
AcDbEntity
  8
ARCHAEOLOGY
 62
256
370
-1
 48
1.0
  6
ByLayer
100
AcDbCircle
 10
-0.34
 20
-0.06
 30
0.0
 40
0.06
  0
CIRCLE
  5
4D8
100
AcDbEntity
  8
ARCHAEOLOGY
 62
256
370
-1
 48
1.0
  6
ByLayer
100
AcDbCircle
 10
-0.26
 20
-0.2
 30
0.0
 40
0.06
  0
CIRCLE
  5
4D9
100
AcDbEntity
  8
ARCHAEOLOGY
 62
256
370
-1
 48
1.0
  6
ByLayer
100
AcDbCircle
 10
0.34
 20
0.06
 30
0.0
 40
0.06
  0
CIRCLE
  5
4DA
100
AcDbEntity
  8
ARCHAEOLOGY
 62
256
370
-1
 48
1.0
  6
ByLayer
100
AcDbCircle
 10
0.26
 20
0.2
 30
0.0
 40
0.06
  0
ENDBLK
  5
4DB
100
AcDbEntity
  8
0
100
AcDbBlockEnd
  0
BLOCK
  5
4DC
100
AcDbEntity
  8
0
100
AcDbBlockBegin
  2
SYM_KARREN
 70
0
 10
0.0
 20
0.0
 30
0.0
  3
SYM_KARREN
  1

  0
LINE
  5
4DD
100
AcDbEntity
  8
GEOLOGY-JOINTS-FRACTURES
 62
256
370
-1
 48
1.0
  6
ByLayer
100
AcDbLine
 10
-0.34
 20
-0.14
 30
0.0
 11
-0.2
 21
0.14
 31
0.0
  0
LINE
  5
4DE
100
AcDbEntity
  8
GEOLOGY-JOINTS-FRACTURES
 62
256
370
-1
 48
1.0
  6
ByLayer
100
AcDbLine
 10
-0.2
 20
0.14
 30
0.0
 11
-0.06
 21
-0.14
 31
0.0
  0
LINE
  5
4DF
100
AcDbEntity
  8
GEOLOGY-JOINTS-FRACTURES
 62
256
370
-1
 48
1.0
  6
ByLayer
100
AcDbLine
 10
-0.06
 20
-0.14
 30
0.0
 11
0.08
 21
0.14
 31
0.0
  0
LINE
  5
4E0
100
AcDbEntity
  8
GEOLOGY-JOINTS-FRACTURES
 62
256
370
-1
 48
1.0
  6
ByLayer
100
AcDbLine
 10
0.08
 20
0.14
 30
0.0
 11
0.22
 21
-0.14
 31
0.0
  0
LINE
  5
4E1
100
AcDbEntity
  8
GEOLOGY-JOINTS-FRACTURES
 62
256
370
-1
 48
1.0
  6
ByLayer
100
AcDbLine
 10
0.22
 20
-0.14
 30
0.0
 11
0.34
 21
0.1
 31
0.0
  0
LINE
  5
4E2
100
AcDbEntity
  8
GEOLOGY-JOINTS-FRACTURES
 62
256
370
-1
 48
1.0
  6
ByLayer
100
AcDbLine
 10
-0.3
 20
-0.26
 30
0.0
 11
0.3
 21
-0.26
 31
0.0
  0
ENDBLK
  5
4E3
100
AcDbEntity
  8
0
100
AcDbBlockEnd
  0
BLOCK
  5
4E4
100
AcDbEntity
  8
0
100
AcDbBlockBegin
  2
SYM_CLAY_TREE
 70
0
 10
0.0
 20
0.0
 30
0.0
  3
SYM_CLAY_TREE
  1

  0
LINE
  5
4E5
100
AcDbEntity
  8
SEDIMENT-CLAY-MUD
 62
256
370
-1
 48
1.0
  6
ByLayer
100
AcDbLine
 10
-0.06
 20
-0.3
 30
0.0
 11
-0.06
 21
0.1
 31
0.0
  0
LINE
  5
4E6
100
AcDbEntity
  8
SEDIMENT-CLAY-MUD
 62
256
370
-1
 48
1.0
  6
ByLayer
100
AcDbLine
 10
0.06
 20
-0.3
 30
0.0
 11
0.06
 21
0.1
 31
0.0
  0
LINE
  5
4E7
100
AcDbEntity
  8
SEDIMENT-CLAY-MUD
 62
256
370
-1
 48
1.0
  6
ByLayer
100
AcDbLine
 10
-0.2
 20
-0.3
 30
0.0
 11
0.2
 21
-0.3
 31
0.0
  0
CIRCLE
  5
4E8
100
AcDbEntity
  8
SEDIMENT-CLAY-MUD
 62
256
370
-1
 48
1.0
  6
ByLayer
100
AcDbCircle
 10
0.0
 20
0.2
 30
0.0
 40
0.12
  0
ENDBLK
  5
4E9
100
AcDbEntity
  8
0
100
AcDbBlockEnd
  0
BLOCK
  5
4EA
100
AcDbEntity
  8
0
100
AcDbBlockBegin
  2
SYM_DANGER
 70
0
 10
0.0
 20
0.0
 30
0.0
  3
SYM_DANGER
  1

  0
LINE
  5
4EB
100
AcDbEntity
  8
NOTES-HAZARD
 62
256
370
-1
 48
1.0
  6
ByLayer
100
AcDbLine
 10
-0.34
 20
-0.24
 30
0.0
 11
0.34
 21
-0.24
 31
0.0
  0
LINE
  5
4EC
100
AcDbEntity
  8
NOTES-HAZARD
 62
256
370
-1
 48
1.0
  6
ByLayer
100
AcDbLine
 10
0.34
 20
-0.24
 30
0.0
 11
0.0
 21
0.36
 31
0.0
  0
LINE
  5
4ED
100
AcDbEntity
  8
NOTES-HAZARD
 62
256
370
-1
 48
1.0
  6
ByLayer
100
AcDbLine
 10
0.0
 20
0.36
 30
0.0
 11
-0.34
 21
-0.24
 31
0.0
  0
LINE
  5
4EE
100
AcDbEntity
  8
NOTES-HAZARD
 62
256
370
-1
 48
1.0
  6
ByLayer
100
AcDbLine
 10
0.0
 20
-0.08
 30
0.0
 11
0.0
 21
0.18
 31
0.0
  0
CIRCLE
  5
4EF
100
AcDbEntity
  8
NOTES-HAZARD
 62
256
370
-1
 48
1.0
  6
ByLayer
100
AcDbCircle
 10
0.0
 20
-0.16
 30
0.0
 40
0.025
  0
ENDBLK
  5
4F0
100
AcDbEntity
  8
0
100
AcDbBlockEnd
  0
BLOCK
  5
4F1
100
AcDbEntity
  8
0
100
AcDbBlockBegin
  2
SYM_ARCHEO_MATERIAL
 70
0
 10
0.0
 20
0.0
 30
0.0
  3
SYM_ARCHEO_MATERIAL
  1

  0
LINE
  5
4F2
100
AcDbEntity
  8
ARCHAEOLOGY
 62
256
370
-1
 48
1.0
  6
ByLayer
100
AcDbLine
 10
-0.3
 20
-0.18
 30
0.0
 11
0.12
 21
-0.26
 31
0.0
  0
LINE
  5
4F3
100
AcDbEntity
  8
ARCHAEOLOGY
 62
256
370
-1
 48
1.0
  6
ByLayer
100
AcDbLine
 10
0.12
 20
-0.26
 30
0.0
 11
0.34
 21
0.08
 31
0.0
  0
LINE
  5
4F4
100
AcDbEntity
  8
ARCHAEOLOGY
 62
256
370
-1
 48
1.0
  6
ByLayer
100
AcDbLine
 10
0.34
 20
0.08
 30
0.0
 11
-0.06
 21
0.28
 31
0.0
  0
LINE
  5
4F5
100
AcDbEntity
  8
ARCHAEOLOGY
 62
256
370
-1
 48
1.0
  6
ByLayer
100
AcDbLine
 10
-0.06
 20
0.28
 30
0.0
 11
-0.3
 21
-0.18
 31
0.0
  0
CIRCLE
  5
4F6
100
AcDbEntity
  8
ARCHAEOLOGY
 62
256
370
-1
 48
1.0
  6
ByLayer
100
AcDbCircle
 10
0.0
 20
0.0
 30
0.0
 40
0.035
  0
ENDBLK
  5
4F7
100
AcDbEntity
  8
0
100
AcDbBlockEnd
  0
BLOCK
  5
4F8
100
AcDbEntity
  8
0
100
AcDbBlockBegin
  2
TB_BAR_SCALE_1IN50FT
 70
0
 10
0.0
 20
0.0
 30
0.0
  3
TB_BAR_SCALE_1IN50FT
  1

  0
HATCH
  5
4F9
100
AcDbEntity
  8
SCALE-BAR
 62
7
420
16777215
370
-1
 48
1.0
  6
ByLayer
100
AcDbHatch
 10
0.0
 20
0.0
 30
0.0
210
0.0
220
0.0
230
1.0
  2
SOLID
 70
1
 71
0
 91
2
 92
1
 93
0
 97
0
 92
1
 93
4
 72
1
 10
0.0
 20
0.0
 11
0.5
 21
0.0
 72
1
 10
0.5
 20
0.0
 11
0.5
 21
0.13
 72
1
 10
0.5
 20
0.13
 11
0.0
 21
0.13
 72
1
 10
0.0
 20
0.13
 11
0.0
 21
0.0
 97
0
 75
0
 76
1
 98
0
1001
ACAD
1010
0.0
1020
0.0
1030
0
  0
LWPOLYLINE
  5
4FA
100
AcDbEntity
  8
SCALE-BAR
 62
256
370
-1
 48
1.0
  6
ByLayer
100
AcDbPolyline
 90
4
 70
1
 10
0.0
 20
0.0
 10
0.5
 20
0.0
 10
0.5
 20
0.13
 10
0.0
 20
0.13
  0
LWPOLYLINE
  5
4FB
100
AcDbEntity
  8
SCALE-BAR
 62
256
370
-1
 48
1.0
  6
ByLayer
100
AcDbPolyline
 90
4
 70
1
 10
0.5
 20
0.0
 10
1.0
 20
0.0
 10
1.0
 20
0.13
 10
0.5
 20
0.13
  0
LINE
  5
4FC
100
AcDbEntity
  8
SCALE-BAR
 62
256
370
-1
 48
1.0
  6
ByLayer
100
AcDbLine
 10
1.0
 20
0.065
 30
0.0
 11
3.0
 21
0.065
 31
0.0
  0
LINE
  5
4FD
100
AcDbEntity
  8
SCALE-BAR
 62
256
370
-1
 48
1.0
  6
ByLayer
100
AcDbLine
 10
0.0
 20
-0.05
 30
0.0
 11
0.0
 21
0.18
 31
0.0
  0
TEXT
  5
4FE
100
AcDbEntity
  8
SCALE-BAR
 62
256
370
-1
 48
1.0
  6
ByLayer
100
AcDbText
 10
0.0
 20
-0.1
 30
0.0
 40
0.11
  1
0
 50
0.0
 41
1.0
  7
textstyle53
 71
0
 72
1
 11
0.0
 21
-0.1
 31
0.0
100
AcDbText
 73
3
  0
LINE
  5
4FF
100
AcDbEntity
  8
SCALE-BAR
 62
256
370
-1
 48
1.0
  6
ByLayer
100
AcDbLine
 10
0.5
 20
-0.05
 30
0.0
 11
0.5
 21
0.18
 31
0.0
  0
TEXT
  5
500
100
AcDbEntity
  8
SCALE-BAR
 62
256
370
-1
 48
1.0
  6
ByLayer
100
AcDbText
 10
0.5
 20
-0.1
 30
0.0
 40
0.11
  1
25
 50
0.0
 41
1.0
  7
textstyle51
 71
0
 72
1
 11
0.5
 21
-0.1
 31
0.0
100
AcDbText
 73
3
  0
LINE
  5
501
100
AcDbEntity
  8
SCALE-BAR
 62
256
370
-1
 48
1.0
  6
ByLayer
100
AcDbLine
 10
1.0
 20
-0.05
 30
0.0
 11
1.0
 21
0.18
 31
0.0
  0
TEXT
  5
502
100
AcDbEntity
  8
SCALE-BAR
 62
256
370
-1
 48
1.0
  6
ByLayer
100
AcDbText
 10
1.0
 20
-0.1
 30
0.0
 40
0.11
  1
50
 50
0.0
 41
1.0
  7
textstyle34
 71
0
 72
1
 11
1.0
 21
-0.1
 31
0.0
100
AcDbText
 73
3
  0
LINE
  5
503
100
AcDbEntity
  8
SCALE-BAR
 62
256
370
-1
 48
1.0
  6
ByLayer
100
AcDbLine
 10
2.0
 20
-0.05
 30
0.0
 11
2.0
 21
0.18
 31
0.0
  0
TEXT
  5
504
100
AcDbEntity
  8
SCALE-BAR
 62
256
370
-1
 48
1.0
  6
ByLayer
100
AcDbText
 10
2.0
 20
-0.1
 30
0.0
 40
0.11
  1
100
 50
0.0
 41
1.0
  7
textstyle68
 71
0
 72
1
 11
2.0
 21
-0.1
 31
0.0
100
AcDbText
 73
3
  0
LINE
  5
505
100
AcDbEntity
  8
SCALE-BAR
 62
256
370
-1
 48
1.0
  6
ByLayer
100
AcDbLine
 10
3.0
 20
-0.05
 30
0.0
 11
3.0
 21
0.18
 31
0.0
  0
TEXT
  5
506
100
AcDbEntity
  8
SCALE-BAR
 62
256
370
-1
 48
1.0
  6
ByLayer
100
AcDbText
 10
3.0
 20
-0.1
 30
0.0
 40
0.11
  1
150
 50
0.0
 41
1.0
  7
textstyle110
 71
0
 72
1
 11
3.0
 21
-0.1
 31
0.0
100
AcDbText
 73
3
  0
TEXT
  5
507
100
AcDbEntity
  8
SCALE-BAR
 62
256
370
-1
 48
1.0
  6
ByLayer
100
AcDbText
 10
0.0
 20
0.48
 30
0.0
 40
0.14
  1
SCALE: 1" = 50 FT
 50
0.0
 41
1.0
  7
textstyle26
 71
0
 72
0
 11
0.0
 21
0.48
 31
0.0
100
AcDbText
 73
1
  0
ENDBLK
  5
508
100
AcDbEntity
  8
0
100
AcDbBlockEnd
  0
ENDSEC
  0
SECTION
  2
ENTITIES
  0
INSERT
  5
509
100
AcDbEntity
  8
LEGEND
 62
256
370
-1
 48
1.0
  6
ByLayer
100
AcDbBlockReference
  2
SYM_ENTRANCE
 10
0.0
 20
0.0
 30
0.0
  0
TEXT
  5
50A
100
AcDbEntity
  8
LEGEND
 62
256
370
-1
 48
1.0
  6
ByLayer
100
AcDbText
 10
1.5
 20
0.0
 30
0.0
 40
0.5
  1
ENTRANCE
 50
0.0
 41
1.0
  7
textstyle36
 71
0
 72
0
 11
1.5
 21
0.0
 31
0.0
100
AcDbText
 73
2
  0
INSERT
  5
50B
100
AcDbEntity
  8
LEGEND
 62
256
370
-1
 48
1.0
  6
ByLayer
100
AcDbBlockReference
  2
SYM_PIT
 10
0.0
 20
-2.2000000000000002
 30
0.0
  0
TEXT
  5
50C
100
AcDbEntity
  8
LEGEND
 62
256
370
-1
 48
1.0
  6
ByLayer
100
AcDbText
 10
1.5
 20
-2.2000000000000002
 30
0.0
 40
0.5
  1
PIT (DROP IN FLOOR)
 50
0.0
 41
1.0
  7
textstyle31
 71
0
 72
0
 11
1.5
 21
-2.2000000000000002
 31
0.0
100
AcDbText
 73
2
  0
INSERT
  5
50D
100
AcDbEntity
  8
LEGEND
 62
256
370
-1
 48
1.0
  6
ByLayer
100
AcDbBlockReference
  2
SYM_DOME
 10
0.0
 20
-4.4000000000000004
 30
0.0
  0
TEXT
  5
50E
100
AcDbEntity
  8
LEGEND
 62
256
370
-1
 48
1.0
  6
ByLayer
100
AcDbText
 10
1.5
 20
-4.4000000000000004
 30
0.0
 40
0.5
  1
DOME (RISE IN CEILING)
 50
0.0
 41
1.0
  7
textstyle77
 71
0
 72
0
 11
1.5
 21
-4.4000000000000004
 31
0.0
100
AcDbText
 73
2
  0
INSERT
  5
50F
100
AcDbEntity
  8
LEGEND
 62
256
370
-1
 48
1.0
  6
ByLayer
100
AcDbBlockReference
  2
SYM_BREAKDOWN
 10
0.0
 20
-6.6000000000000005
 30
0.0
  0
TEXT
  5
510
100
AcDbEntity
  8
LEGEND
 62
256
370
-1
 48
1.0
  6
ByLayer
100
AcDbText
 10
1.5
 20
-6.6000000000000005
 30
0.0
 40
0.5
  1
BREAKDOWN (SEE SCATTER_BREAKDOWN.PY)
 50
0.0
 41
1.0
  7
textstyle98
 71
0
 72
0
 11
1.5
 21
-6.6000000000000005
 31
0.0
100
AcDbText
 73
2
  0
INSERT
  5
511
100
AcDbEntity
  8
LEGEND
 62
256
370
-1
 48
1.0
  6
ByLayer
100
AcDbBlockReference
  2
SYM_CLIMB_ARROW
 10
0.0
 20
-8.8000000000000007
 30
0.0
  0
TEXT
  5
512
100
AcDbEntity
  8
LEGEND
 62
256
370
-1
 48
1.0
  6
ByLayer
100
AcDbText
 10
1.5
 20
-8.8000000000000007
 30
0.0
 40
0.5
  1
CLIMB / CHIMNEY (UP)
 50
0.0
 41
1.0
  7
textstyle24
 71
0
 72
0
 11
1.5
 21
-8.8000000000000007
 31
0.0
100
AcDbText
 73
2
  0
INSERT
  5
513
100
AcDbEntity
  8
LEGEND
 62
256
370
-1
 48
1.0
  6
ByLayer
100
AcDbBlockReference
  2
SYM_STALACTITE
 10
0.0
 20
-11.0
 30
0.0
  0
TEXT
  5
514
100
AcDbEntity
  8
LEGEND
 62
256
370
-1
 48
1.0
  6
ByLayer
100
AcDbText
 10
1.5
 20
-11.0
 30
0.0
 40
0.5
  1
STALACTITE
 50
0.0
 41
1.0
  7
textstyle64
 71
0
 72
0
 11
1.5
 21
-11.0
 31
0.0
100
AcDbText
 73
2
  0
INSERT
  5
515
100
AcDbEntity
  8
LEGEND
 62
256
370
-1
 48
1.0
  6
ByLayer
100
AcDbBlockReference
  2
SYM_STALAGMITE
 10
0.0
 20
-13.2000000000000011
 30
0.0
  0
TEXT
  5
516
100
AcDbEntity
  8
LEGEND
 62
256
370
-1
 48
1.0
  6
ByLayer
100
AcDbText
 10
1.5
 20
-13.2000000000000011
 30
0.0
 40
0.5
  1
STALAGMITE
 50
0.0
 41
1.0
  7
textstyle23
 71
0
 72
0
 11
1.5
 21
-13.2000000000000011
 31
0.0
100
AcDbText
 73
2
  0
INSERT
  5
517
100
AcDbEntity
  8
LEGEND
 62
256
370
-1
 48
1.0
  6
ByLayer
100
AcDbBlockReference
  2
SYM_COLUMN
 10
0.0
 20
-15.4000000000000021
 30
0.0
  0
TEXT
  5
518
100
AcDbEntity
  8
LEGEND
 62
256
370
-1
 48
1.0
  6
ByLayer
100
AcDbText
 10
1.5
 20
-15.4000000000000021
 30
0.0
 40
0.5
  1
COLUMN
 50
0.0
 41
1.0
  7
textstyle39
 71
0
 72
0
 11
1.5
 21
-15.4000000000000021
 31
0.0
100
AcDbText
 73
2
  0
INSERT
  5
519
100
AcDbEntity
  8
LEGEND
 62
256
370
-1
 48
1.0
  6
ByLayer
100
AcDbBlockReference
  2
SYM_FLOWSTONE
 10
0.0
 20
-17.6000000000000014
 30
0.0
  0
TEXT
  5
51A
100
AcDbEntity
  8
LEGEND
 62
256
370
-1
 48
1.0
  6
ByLayer
100
AcDbText
 10
1.5
 20
-17.6000000000000014
 30
0.0
 40
0.5
  1
FLOWSTONE (ARRAY ALONG WALL)
 50
0.0
 41
1.0
  7
textstyle4
 71
0
 72
0
 11
1.5
 21
-17.6000000000000014
 31
0.0
100
AcDbText
 73
2
  0
INSERT
  5
51B
100
AcDbEntity
  8
LEGEND
 62
256
370
-1
 48
1.0
  6
ByLayer
100
AcDbBlockReference
  2
SYM_DRAPERY
 10
0.0
 20
-19.8000000000000007
 30
0.0
  0
TEXT
  5
51C
100
AcDbEntity
  8
LEGEND
 62
256
370
-1
 48
1.0
  6
ByLayer
100
AcDbText
 10
1.5
 20
-19.8000000000000007
 30
0.0
 40
0.5
  1
DRAPERY / CURTAIN (ARRAY)
 50
0.0
 41
1.0
  7
textstyle21
 71
0
 72
0
 11
1.5
 21
-19.8000000000000007
 31
0.0
100
AcDbText
 73
2
  0
INSERT
  5
51D
100
AcDbEntity
  8
LEGEND
 62
256
370
-1
 48
1.0
  6
ByLayer
100
AcDbBlockReference
  2
SYM_RIMSTONE_DAM
 10
0.0
 20
-22.0
 30
0.0
  0
TEXT
  5
51E
100
AcDbEntity
  8
LEGEND
 62
256
370
-1
 48
1.0
  6
ByLayer
100
AcDbText
 10
1.5
 20
-22.0
 30
0.0
 40
0.5
  1
RIMSTONE DAM / GOUR
 50
0.0
 41
1.0
  7
textstyle94
 71
0
 72
0
 11
1.5
 21
-22.0
 31
0.0
100
AcDbText
 73
2
  0
INSERT
  5
51F
100
AcDbEntity
  8
LEGEND
 62
256
370
-1
 48
1.0
  6
ByLayer
100
AcDbBlockReference
  2
SYM_MOONMILK_POPCORN
 10
0.0
 20
-24.2000000000000028
 30
0.0
  0
TEXT
  5
520
100
AcDbEntity
  8
LEGEND
 62
256
370
-1
 48
1.0
  6
ByLayer
100
AcDbText
 10
1.5
 20
-24.2000000000000028
 30
0.0
 40
0.5
  1
MOONMILK / POPCORN
 50
0.0
 41
1.0
  7
textstyle3
 71
0
 72
0
 11
1.5
 21
-24.2000000000000028
 31
0.0
100
AcDbText
 73
2
  0
INSERT
  5
521
100
AcDbEntity
  8
LEGEND
 62
256
370
-1
 48
1.0
  6
ByLayer
100
AcDbBlockReference
  2
SYM_CLAY_MUD_TICK
 10
0.0
 20
-26.4000000000000021
 30
0.0
  0
TEXT
  5
522
100
AcDbEntity
  8
LEGEND
 62
256
370
-1
 48
1.0
  6
ByLayer
100
AcDbText
 10
1.5
 20
-26.4000000000000021
 30
0.0
 40
0.5
  1
CLAY / MUD (ARRAY AS FILL)
 50
0.0
 41
1.0
  7
textstyle48
 71
0
 72
0
 11
1.5
 21
-26.4000000000000021
 31
0.0
100
AcDbText
 73
2
  0
INSERT
  5
523
100
AcDbEntity
  8
LEGEND
 62
256
370
-1
 48
1.0
  6
ByLayer
100
AcDbBlockReference
  2
SYM_SAND_GRAVEL_DOT
 10
0.0
 20
-28.6000000000000014
 30
0.0
  0
TEXT
  5
524
100
AcDbEntity
  8
LEGEND
 62
256
370
-1
 48
1.0
  6
ByLayer
100
AcDbText
 10
1.5
 20
-28.6000000000000014
 30
0.0
 40
0.5
  1
SAND / GRAVEL (ARRAY AS FILL)
 50
0.0
 41
1.0
  7
textstyle65
 71
0
 72
0
 11
1.5
 21
-28.6000000000000014
 31
0.0
100
AcDbText
 73
2
  0
INSERT
  5
525
100
AcDbEntity
  8
LEGEND
 62
256
370
-1
 48
1.0
  6
ByLayer
100
AcDbBlockReference
  2
SYM_GUANO
 10
0.0
 20
-30.8000000000000043
 30
0.0
  0
TEXT
  5
526
100
AcDbEntity
  8
LEGEND
 62
256
370
-1
 48
1.0
  6
ByLayer
100
AcDbText
 10
1.5
 20
-30.8000000000000043
 30
0.0
 40
0.5
  1
GUANO (ARRAY AS FILL)
 50
0.0
 41
1.0
  7
textstyle115
 71
0
 72
0
 11
1.5
 21
-30.8000000000000043
 31
0.0
100
AcDbText
 73
2
  0
INSERT
  5
527
100
AcDbEntity
  8
LEGEND
 62
256
370
-1
 48
1.0
  6
ByLayer
100
AcDbBlockReference
  2
SYM_FIXED_POINT
 10
0.0
 20
-33.0
 30
0.0
  0
TEXT
  5
528
100
AcDbEntity
  8
LEGEND
 62
256
370
-1
 48
1.0
  6
ByLayer
100
AcDbText
 10
1.5
 20
-33.0
 30
0.0
 40
0.5
  1
FIXED / PERMANENT POINT
 50
0.0
 41
1.0
  7
textstyle100
 71
0
 72
0
 11
1.5
 21
-33.0
 31
0.0
100
AcDbText
 73
2
  0
INSERT
  5
529
100
AcDbEntity
  8
LEGEND
 62
256
370
-1
 48
1.0
  6
ByLayer
100
AcDbBlockReference
  2
SYM_SECTION_MARKER
 10
0.0
 20
-35.2000000000000028
 30
0.0
  0
TEXT
  5
52A
100
AcDbEntity
  8
LEGEND
 62
256
370
-1
 48
1.0
  6
ByLayer
100
AcDbText
 10
1.5
 20
-35.2000000000000028
 30
0.0
 40
0.5
  1
CROSS-SECTION LOCATION
 50
0.0
 41
1.0
  7
textstyle75
 71
0
 72
0
 11
1.5
 21
-35.2000000000000028
 31
0.0
100
AcDbText
 73
2
  0
INSERT
  5
52B
100
AcDbEntity
  8
LEGEND
 62
256
370
-1
 48
1.0
  6
ByLayer
100
AcDbBlockReference
  2
SYM_CEILING_HEIGHT
 10
0.0
 20
-37.4000000000000057
 30
0.0
  0
TEXT
  5
52C
100
AcDbEntity
  8
LEGEND
 62
256
370
-1
 48
1.0
  6
ByLayer
100
AcDbText
 10
1.5
 20
-37.4000000000000057
 30
0.0
 40
0.5
  1
CEILING HEIGHT POINT + LEADER
 50
0.0
 41
1.0
  7
textstyle12
 71
0
 72
0
 11
1.5
 21
-37.4000000000000057
 31
0.0
100
AcDbText
 73
2
  0
INSERT
  5
52D
100
AcDbEntity
  8
LEGEND
 62
256
370
-1
 48
1.0
  6
ByLayer
100
AcDbBlockReference
  2
SYM_NORTH_ARROW
 10
0.0
 20
-39.6000000000000014
 30
0.0
  0
TEXT
  5
52E
100
AcDbEntity
  8
LEGEND
 62
256
370
-1
 48
1.0
  6
ByLayer
100
AcDbText
 10
1.5
 20
-39.6000000000000014
 30
0.0
 40
0.5
  1
NORTH ARROW
 50
0.0
 41
1.0
  7
textstyle32
 71
0
 72
0
 11
1.5
 21
-39.6000000000000014
 31
0.0
100
AcDbText
 73
2
  0
INSERT
  5
52F
100
AcDbEntity
  8
LEGEND
 62
256
370
-1
 48
1.0
  6
ByLayer
100
AcDbBlockReference
  2
SYM_SIPHON
 10
9.0
 20
0.0
 30
0.0
  0
TEXT
  5
530
100
AcDbEntity
  8
LEGEND
 62
256
370
-1
 48
1.0
  6
ByLayer
100
AcDbText
 10
10.5
 20
0.0
 30
0.0
 40
0.5
  1
SIPHON (SUBMERGED CONTINUATION)
 50
0.0
 41
1.0
  7
textstyle56
 71
0
 72
0
 11
10.5
 21
0.0
 31
0.0
100
AcDbText
 73
2
  0
INSERT
  5
531
100
AcDbEntity
  8
LEGEND
 62
256
370
-1
 48
1.0
  6
ByLayer
100
AcDbBlockReference
  2
SYM_SPRING
 10
9.0
 20
-2.2000000000000002
 30
0.0
  0
TEXT
  5
532
100
AcDbEntity
  8
LEGEND
 62
256
370
-1
 48
1.0
  6
ByLayer
100
AcDbText
 10
10.5
 20
-2.2000000000000002
 30
0.0
 40
0.5
  1
SPRING / RESURGENCE
 50
0.0
 41
1.0
  7
textstyle29
 71
0
 72
0
 11
10.5
 21
-2.2000000000000002
 31
0.0
100
AcDbText
 73
2
  0
INSERT
  5
533
100
AcDbEntity
  8
LEGEND
 62
256
370
-1
 48
1.0
  6
ByLayer
100
AcDbBlockReference
  2
SYM_DRIP_SEEP
 10
9.0
 20
-4.4000000000000004
 30
0.0
  0
TEXT
  5
534
100
AcDbEntity
  8
LEGEND
 62
256
370
-1
 48
1.0
  6
ByLayer
100
AcDbText
 10
10.5
 20
-4.4000000000000004
 30
0.0
 40
0.5
  1
DRIP / SEEP
 50
0.0
 41
1.0
  7
textstyle111
 71
0
 72
0
 11
10.5
 21
-4.4000000000000004
 31
0.0
100
AcDbText
 73
2
  0
INSERT
  5
535
100
AcDbEntity
  8
LEGEND
 62
256
370
-1
 48
1.0
  6
ByLayer
100
AcDbBlockReference
  2
SYM_SUMP
 10
9.0
 20
-6.6000000000000005
 30
0.0
  0
TEXT
  5
536
100
AcDbEntity
  8
LEGEND
 62
256
370
-1
 48
1.0
  6
ByLayer
100
AcDbText
 10
10.5
 20
-6.6000000000000005
 30
0.0
 40
0.5
  1
SUMP (POOL, UNKNOWN CONTINUATION)
 50
0.0
 41
1.0
  7
textstyle6
 71
0
 72
0
 11
10.5
 21
-6.6000000000000005
 31
0.0
100
AcDbText
 73
2
  0
LINE
  5
537
100
AcDbEntity
  8
WALLS-SURVEYED
 62
256
370
-1
 48
1.0
  6
Continuous
100
AcDbLine
 10
23.0
 20
0.0
 30
0.0
 11
26.0
 21
0.0
 31
0.0
  0
TEXT
  5
538
100
AcDbEntity
  8
LEGEND
 62
256
370
-1
 48
1.0
  6
ByLayer
100
AcDbText
 10
26.5
 20
0.0
 30
0.0
 40
0.5
  1
WALL - SURVEYED
 50
0.0
 41
1.0
  7
textstyle78
 71
0
 72
0
 11
26.5
 21
0.0
 31
0.0
100
AcDbText
 73
2
  0
LINE
  5
539
100
AcDbEntity
  8
WALLS-INFERRED
 62
256
370
-1
 48
1.0
  6
NSS_INFERRED
100
AcDbLine
 10
23.0
 20
-2.2000000000000002
 30
0.0
 11
26.0
 21
-2.2000000000000002
 31
0.0
  0
TEXT
  5
53A
100
AcDbEntity
  8
LEGEND
 62
256
370
-1
 48
1.0
  6
ByLayer
100
AcDbText
 10
26.5
 20
-2.2000000000000002
 30
0.0
 40
0.5
  1
WALL - INFERRED / PROJECTED
 50
0.0
 41
1.0
  7
textstyle105
 71
0
 72
0
 11
26.5
 21
-2.2000000000000002
 31
0.0
100
AcDbText
 73
2
  0
LINE
  5
53B
100
AcDbEntity
  8
OVERHANG-LEDGE
 62
256
370
-1
 48
1.0
  6
NSS_OVERHANG
100
AcDbLine
 10
23.0
 20
-4.4000000000000004
 30
0.0
 11
26.0
 21
-4.4000000000000004
 31
0.0
  0
TEXT
  5
53C
100
AcDbEntity
  8
LEGEND
 62
256
370
-1
 48
1.0
  6
ByLayer
100
AcDbText
 10
26.5
 20
-4.4000000000000004
 30
0.0
 40
0.5
  1
OVERHANG / CEILING LEDGE
 50
0.0
 41
1.0
  7
textstyle14
 71
0
 72
0
 11
26.5
 21
-4.4000000000000004
 31
0.0
100
AcDbText
 73
2
  0
LINE
  5
53D
100
AcDbEntity
  8
GEOLOGY-JOINTS-FRACTURES
 62
256
370
-1
 48
1.0
  6
NSS_JOINT
100
AcDbLine
 10
23.0
 20
-6.6000000000000005
 30
0.0
 11
26.0
 21
-6.6000000000000005
 31
0.0
  0
TEXT
  5
53E
100
AcDbEntity
  8
LEGEND
 62
256
370
-1
 48
1.0
  6
ByLayer
100
AcDbText
 10
26.5
 20
-6.6000000000000005
 30
0.0
 40
0.5
  1
GEOLOGIC JOINT / FRACTURE TREND
 50
0.0
 41
1.0
  7
textstyle46
 71
0
 72
0
 11
26.5
 21
-6.6000000000000005
 31
0.0
100
AcDbText
 73
2
  0
LINE
  5
53F
100
AcDbEntity
  8
WATER-PERENNIAL
 62
256
370
-1
 48
1.0
  6
Continuous
100
AcDbLine
 10
23.0
 20
-8.8000000000000007
 30
0.0
 11
26.0
 21
-8.8000000000000007
 31
0.0
  0
INSERT
  5
540
100
AcDbEntity
  8
WATER-FLOW-ARROWS
 62
256
370
-1
 48
1.0
  6
ByLayer
100
AcDbBlockReference
  2
SYM_FLOW_ARROW
 10
24.5
 20
-8.8000000000000007
 30
0.0
  0
TEXT
  5
541
100
AcDbEntity
  8
LEGEND
 62
256
370
-1
 48
1.0
  6
ByLayer
100
AcDbText
 10
26.5
 20
-8.8000000000000007
 30
0.0
 40
0.5
  1
WATER - PERENNIAL (FLOW ARROW SHOWN)
 50
0.0
 41
1.0
  7
textstyle30
 71
0
 72
0
 11
26.5
 21
-8.8000000000000007
 31
0.0
100
AcDbText
 73
2
  0
LINE
  5
542
100
AcDbEntity
  8
WATER-INTERMITTENT
 62
256
370
-1
 48
1.0
  6
NSS_WATER_INTERMITTENT
100
AcDbLine
 10
23.0
 20
-11.0
 30
0.0
 11
26.0
 21
-11.0
 31
0.0
  0
INSERT
  5
543
100
AcDbEntity
  8
WATER-FLOW-ARROWS
 62
256
370
-1
 48
1.0
  6
ByLayer
100
AcDbBlockReference
  2
SYM_FLOW_ARROW
 10
24.5
 20
-11.0
 30
0.0
  0
TEXT
  5
544
100
AcDbEntity
  8
LEGEND
 62
256
370
-1
 48
1.0
  6
ByLayer
100
AcDbText
 10
26.5
 20
-11.0
 30
0.0
 40
0.5
  1
WATER - INTERMITTENT (FLOW ARROW SHOWN)
 50
0.0
 41
1.0
  7
textstyle55
 71
0
 72
0
 11
26.5
 21
-11.0
 31
0.0
100
AcDbText
 73
2
  0
LINE
  5
545
100
AcDbEntity
  8
DRIPLINE
 62
256
370
-1
 48
1.0
  6
NSS_DRIPLINE
100
AcDbLine
 10
23.0
 20
-13.2000000000000011
 30
0.0
 11
26.0
 21
-13.2000000000000011
 31
0.0
  0
TEXT
  5
546
100
AcDbEntity
  8
LEGEND
 62
256
370
-1
 48
1.0
  6
ByLayer
100
AcDbText
 10
26.5
 20
-13.2000000000000011
 30
0.0
 40
0.5
  1
DRIPLINE
 50
0.0
 41
1.0
  7
textstyle107
 71
0
 72
0
 11
26.5
 21
-13.2000000000000011
 31
0.0
100
AcDbText
 73
2
  0
HATCH
  5
547
100
AcDbEntity
  8
SEDIMENT-CLAY-MUD
 62
30
420
16744192
370
-1
 48
1.0
  6
ByLayer
100
AcDbHatch
 10
0.0
 20
0.0
 30
0.0
210
0.0
220
0.0
230
1.0
  2
NSS_CLAY_MUD
 70
0
 71
0
 91
2
 92
1
 93
0
 97
0
 92
1
 93
4
 72
1
 10
36.2000000000000028
 20
-0.8
 11
37.7999999999999972
 21
-0.8
 72
1
 10
37.7999999999999972
 20
-0.8
 11
37.7999999999999972
 21
0.8
 72
1
 10
37.7999999999999972
 20
0.8
 11
36.2000000000000028
 21
0.8
 72
1
 10
36.2000000000000028
 20
0.8
 11
36.2000000000000028
 21
-0.8
 97
0
 75
0
 76
1
 52
0.0
 41
1.0
 77
0
 78
1
 53
45.0
 43
0.0
 44
0.0
 45
-0.0883883476483184
 46
0.0883883476483185
 79
0
 98
0
1001
ACAD
1010
0.0
1020
0.0
1030
0
  0
LWPOLYLINE
  5
548
100
AcDbEntity
  8
LEGEND
 62
256
370
-1
 48
1.0
  6
ByLayer
100
AcDbPolyline
 90
4
 70
1
 10
36.2000000000000028
 20
-0.8
 10
37.7999999999999972
 20
-0.8
 10
37.7999999999999972
 20
0.8
 10
36.2000000000000028
 20
0.8
  0
TEXT
  5
549
100
AcDbEntity
  8
LEGEND
 62
256
370
-1
 48
1.0
  6
ByLayer
100
AcDbText
 10
38.2999999999999972
 20
0.0
 30
0.0
 40
0.5
  1
CLAY / MUD (AREA FILL)
 50
0.0
 41
1.0
  7
textstyle17
 71
0
 72
0
 11
38.2999999999999972
 21
0.0
 31
0.0
100
AcDbText
 73
2
  0
HATCH
  5
54A
100
AcDbEntity
  8
SEDIMENT-SAND-GRAVEL
 62
30
420
16744192
370
-1
 48
1.0
  6
ByLayer
100
AcDbHatch
 10
0.0
 20
0.0
 30
0.0
210
0.0
220
0.0
230
1.0
  2
NSS_SAND_GRAVEL
 70
0
 71
0
 91
2
 92
1
 93
0
 97
0
 92
1
 93
4
 72
1
 10
36.2000000000000028
 20
-3.0
 11
37.7999999999999972
 21
-3.0
 72
1
 10
37.7999999999999972
 20
-3.0
 11
37.7999999999999972
 21
-1.4000000000000001
 72
1
 10
37.7999999999999972
 20
-1.4000000000000001
 11
36.2000000000000028
 21
-1.4000000000000001
 72
1
 10
36.2000000000000028
 20
-1.4000000000000001
 11
36.2000000000000028
 21
-3.0
 97
0
 75
0
 76
1
 52
0.0
 41
1.0
 77
0
 78
1
 53
45.0
 43
0.0
 44
0.0
 45
-0.0883883476483184
 46
0.0883883476483185
 79
0
 98
0
1001
ACAD
1010
0.0
1020
0.0
1030
0
  0
LWPOLYLINE
  5
54B
100
AcDbEntity
  8
LEGEND
 62
256
370
-1
 48
1.0
  6
ByLayer
100
AcDbPolyline
 90
4
 70
1
 10
36.2000000000000028
 20
-3.0
 10
37.7999999999999972
 20
-3.0
 10
37.7999999999999972
 20
-1.4000000000000001
 10
36.2000000000000028
 20
-1.4000000000000001
  0
TEXT
  5
54C
100
AcDbEntity
  8
LEGEND
 62
256
370
-1
 48
1.0
  6
ByLayer
100
AcDbText
 10
38.2999999999999972
 20
-2.2000000000000002
 30
0.0
 40
0.5
  1
SAND / GRAVEL (AREA FILL)
 50
0.0
 41
1.0
  7
textstyle0
 71
0
 72
0
 11
38.2999999999999972
 21
-2.2000000000000002
 31
0.0
100
AcDbText
 73
2
  0
HATCH
  5
54D
100
AcDbEntity
  8
GUANO
 62
40
420
16760576
370
-1
 48
1.0
  6
ByLayer
100
AcDbHatch
 10
0.0
 20
0.0
 30
0.0
210
0.0
220
0.0
230
1.0
  2
NSS_GUANO
 70
0
 71
0
 91
2
 92
1
 93
0
 97
0
 92
1
 93
4
 72
1
 10
36.2000000000000028
 20
-5.2000000000000002
 11
37.7999999999999972
 21
-5.2000000000000002
 72
1
 10
37.7999999999999972
 20
-5.2000000000000002
 11
37.7999999999999972
 21
-3.6000000000000005
 72
1
 10
37.7999999999999972
 20
-3.6000000000000005
 11
36.2000000000000028
 21
-3.6000000000000005
 72
1
 10
36.2000000000000028
 20
-3.6000000000000005
 11
36.2000000000000028
 21
-5.2000000000000002
 97
0
 75
0
 76
1
 52
0.0
 41
1.0
 77
0
 78
1
 53
45.0
 43
0.0
 44
0.0
 45
-0.0883883476483184
 46
0.0883883476483185
 79
0
 98
0
1001
ACAD
1010
0.0
1020
0.0
1030
0
  0
LWPOLYLINE
  5
54E
100
AcDbEntity
  8
LEGEND
 62
256
370
-1
 48
1.0
  6
ByLayer
100
AcDbPolyline
 90
4
 70
1
 10
36.2000000000000028
 20
-5.2000000000000002
 10
37.7999999999999972
 20
-5.2000000000000002
 10
37.7999999999999972
 20
-3.6000000000000005
 10
36.2000000000000028
 20
-3.6000000000000005
  0
TEXT
  5
54F
100
AcDbEntity
  8
LEGEND
 62
256
370
-1
 48
1.0
  6
ByLayer
100
AcDbText
 10
38.2999999999999972
 20
-4.4000000000000004
 30
0.0
 40
0.5
  1
GUANO (AREA FILL)
 50
0.0
 41
1.0
  7
textstyle93
 71
0
 72
0
 11
38.2999999999999972
 21
-4.4000000000000004
 31
0.0
100
AcDbText
 73
2
  0
HATCH
  5
550
100
AcDbEntity
  8
WATER-POOL-SUMP
 62
5
420
255
370
-1
 48
1.0
  6
ByLayer
100
AcDbHatch
 10
0.0
 20
0.0
 30
0.0
210
0.0
220
0.0
230
1.0
  2
NSS_WATER_FILL
 70
0
 71
0
 91
2
 92
1
 93
0
 97
0
 92
1
 93
4
 72
1
 10
36.2000000000000028
 20
-7.4000000000000004
 11
37.7999999999999972
 21
-7.4000000000000004
 72
1
 10
37.7999999999999972
 20
-7.4000000000000004
 11
37.7999999999999972
 21
-5.8000000000000007
 72
1
 10
37.7999999999999972
 20
-5.8000000000000007
 11
36.2000000000000028
 21
-5.8000000000000007
 72
1
 10
36.2000000000000028
 20
-5.8000000000000007
 11
36.2000000000000028
 21
-7.4000000000000004
 97
0
 75
0
 76
1
 52
0.0
 41
1.0
 77
0
 78
1
 53
45.0
 43
0.0
 44
0.0
 45
-0.0883883476483184
 46
0.0883883476483185
 79
0
 98
0
1001
ACAD
1010
0.0
1020
0.0
1030
0
  0
LWPOLYLINE
  5
551
100
AcDbEntity
  8
LEGEND
 62
256
370
-1
 48
1.0
  6
ByLayer
100
AcDbPolyline
 90
4
 70
1
 10
36.2000000000000028
 20
-7.4000000000000004
 10
37.7999999999999972
 20
-7.4000000000000004
 10
37.7999999999999972
 20
-5.8000000000000007
 10
36.2000000000000028
 20
-5.8000000000000007
  0
TEXT
  5
552
100
AcDbEntity
  8
LEGEND
 62
256
370
-1
 48
1.0
  6
ByLayer
100
AcDbText
 10
38.2999999999999972
 20
-6.6000000000000005
 30
0.0
 40
0.5
  1
POOL / STILL WATER (AREA FILL)
 50
0.0
 41
1.0
  7
textstyle59
 71
0
 72
0
 11
38.2999999999999972
 21
-6.6000000000000005
 31
0.0
100
AcDbText
 73
2
  0
TEXT
  5
553
100
AcDbEntity
  8
LEGEND
 62
256
370
-1
 48
1.0
  6
ByLayer
100
AcDbText
 10
0.0
 20
2.2000000000000002
 30
0.0
 40
0.8
  1
CAVE MAP TEMPLATE - PLAN VIEW - SYMBOL & LINETYPE LEGEND
 50
0.0
 41
1.0
  7
textstyle108
 71
0
 72
0
 11
0.0
 21
2.2000000000000002
 31
0.0
100
AcDbText
 73
2
  0
INSERT
  5
554
100
AcDbEntity
  8
TITLE-BLOCK
 62
256
370
-1
 48
1.0
  6
ByLayer
100
AcDbBlockReference
  2
TB_NORTH_ARROW_DECL
 10
14.5
 20
-71.0
 30
0.0
  0
INSERT
  5
555
100
AcDbEntity
  8
TITLE-BLOCK
 62
256
370
-1
 48
1.0
  6
ByLayer
100
AcDbBlockReference
  2
TB_BORDER_ARCH_D_FULLBLEED
 10
20.0
 20
-67.0
 30
0.0
  0
INSERT
  5
556
100
AcDbEntity
  8
TITLE-BLOCK
 62
256
370
-1
 48
1.0
  6
ByLayer
100
AcDbBlockReference
  2
TB_BAR_SCALE_1IN10FT
 10
13.5
 20
-73.2999999999999972
 30
0.0
  0
INSERT
  5
557
100
AcDbEntity
  8
TITLE-BLOCK
 62
256
370
-1
 48
1.0
  6
ByLayer
100
AcDbBlockReference
  2
TB_BAR_SCALE_1IN20FT
 10
13.5
 20
-74.2000000000000028
 30
0.0
  0
INSERT
  5
558
100
AcDbEntity
  8
TITLE-BLOCK
 62
256
370
-1
 48
1.0
  6
ByLayer
100
AcDbBlockReference
  2
TB_BAR_SCALE_1IN30FT
 10
13.5
 20
-75.0999999999999943
 30
0.0
  0
INSERT
  5
559
100
AcDbEntity
  8
TITLE-BLOCK
 62
256
370
-1
 48
1.0
  6
ByLayer
100
AcDbBlockReference
  2
TB_BAR_SCALE_1IN40FT
 10
13.5
 20
-76.0
 30
0.0
  0
INSERT
  5
55A
100
AcDbEntity
  8
TITLE-BLOCK
 62
256
370
-1
 48
1.0
  6
ByLayer
100
AcDbBlockReference
  2
TB_BAR_SCALE_1IN50FT
 10
13.5
 20
-76.9000000000000057
 30
0.0
  0
INSERT
  5
55B
100
AcDbEntity
  8
TITLE-BLOCK
 62
256
370
-1
 48
1.0
  6
ByLayer
100
AcDbBlockReference
  2
TB_BAR_SCALE_1IN60FT
 10
13.5
 20
-77.7999999999999972
 30
0.0
  0
INSERT
  5
55C
100
AcDbEntity
  8
TITLE-BLOCK
 62
256
370
-1
 48
1.0
  6
ByLayer
100
AcDbBlockReference
  2
TB_BAR_SCALE_1IN100FT
 10
13.5
 20
-78.7000000000000028
 30
0.0
  0
INSERT
  5
55D
100
AcDbEntity
  8
TITLE-BLOCK
 62
256
370
-1
 48
1.0
  6
ByLayer
100
AcDbBlockReference
  2
TB_BAR_SCALE_1IN200FT
 10
13.5
 20
-79.5999999999999943
 30
0.0
  0
INSERT
  5
55E
100
AcDbEntity
  8
TITLE-BLOCK
 62
256
370
-1
 48
1.0
  6
ByLayer
100
AcDbBlockReference
  2
TB_BAR_SCALE_1IN300FT
 10
13.5
 20
-80.5
 30
0.0
  0
INSERT
  5
55F
100
AcDbEntity
  8
TITLE-BLOCK
 62
256
370
-1
 48
1.0
  6
ByLayer
100
AcDbBlockReference
  2
TB_BAR_SCALE_1IN400FT
 10
13.5
 20
-81.4000000000000057
 30
0.0
  0
INSERT
  5
560
100
AcDbEntity
  8
TITLE-BLOCK
 62
256
370
-1
 48
1.0
  6
ByLayer
100
AcDbBlockReference
  2
TB_BAR_SCALE_1IN500FT
 10
13.5
 20
-82.2999999999999972
 30
0.0
  0
TEXT
  5
561
100
AcDbEntity
  8
LEGEND
 62
256
370
-1
 48
1.0
  6
ByLayer
100
AcDbText
 10
0.0
 20
-68.7999999999999972
 30
0.0
 40
0.6
  1
MODULAR TITLE BLOCK PIECES - REFERENCE ONLY, PLACE THESE INDIVIDUALLY
 50
0.0
 41
1.0
  7
textstyle61
 71
0
 72
0
 11
0.0
 21
-68.7999999999999972
 31
0.0
100
AcDbText
 73
2
  0
MTEXT
  5
562
100
AcDbEntity
  8
TITLE-BLOCK
 62
256
370
-1
 48
1.0
  6
ByLayer
100
AcDbMText
 10
0.0
 20
-70.5
 30
0.0
 40
0.18
 41
0.0
 71
7
 72
1
  1
LOCATION:  ___________ COUNTY,  ___________ (STATE/COUNTRY)
  7
textstyle95
 50
0.0
 73
2
 44
1.0
1001
CaveSurvey
1000
TBField=location
  0
MTEXT
  5
563
100
AcDbEntity
  8
TITLE-BLOCK
 62
256
370
-1
 48
1.0
  6
ByLayer
100
AcDbMText
 10
0.0
 20
-70.0
 30
0.0
 40
0.42
 41
0.0
 71
7
 72
1
  1
CAVE NAME
  7
textstyle44
 50
0.0
 73
2
 44
1.0
1001
CaveSurvey
1000
TBField=caveName
  0
MTEXT
  5
564
100
AcDbEntity
  8
TITLE-BLOCK
 62
256
370
-1
 48
1.0
  6
ByLayer
100
AcDbMText
 10
10.0
 20
-71.9000000000000057
 30
0.0
 40
0.14
 41
0.0
 71
7
 72
1
  1
\U+00a9  ____  ______________________
  7
textstyle35
 50
0.0
 73
2
 44
1.0
1001
CaveSurvey
1000
TBField=copyright
  0
MTEXT
  5
565
100
AcDbEntity
  8
TITLE-BLOCK
 62
256
370
-1
 48
1.0
  6
ByLayer
100
AcDbMText
 10
6.0
 20
-71.5
 30
0.0
 40
0.14
 41
0.0
 71
7
 72
1
  1
DEPTH:  __________ FT
  7
textstyle13
 50
0.0
 73
2
 44
1.0
1001
CaveSurvey
1000
TBField=depth
  0
MTEXT
  5
566
100
AcDbEntity
  8
TITLE-BLOCK
 62
256
370
-1
 48
1.0
  6
ByLayer
100
AcDbMText
 10
0.0
 20
-71.5
 30
0.0
 40
0.14
 41
0.0
 71
7
 72
1
  1
CARTOGRAPHY BY:  ______________________
  7
textstyle112
 50
0.0
 73
2
 44
1.0
1001
CaveSurvey
1000
TBField=cartographyBy
  0
MTEXT
  5
567
100
AcDbEntity
  8
TITLE-BLOCK
 62
256
370
-1
 48
1.0
  6
ByLayer
100
AcDbMText
 10
0.0
 20
-71.9000000000000057
 30
0.0
 40
0.14
 41
0.0
 71
7
 72
1
  1
DATE SURVEYED:  ______________________
  7
textstyle90
 50
0.0
 73
2
 44
1.0
1001
CaveSurvey
1000
TBField=date
  0
MTEXT
  5
568
100
AcDbEntity
  8
TITLE-BLOCK
 62
256
370
-1
 48
1.0
  6
ByLayer
100
AcDbMText
 10
6.0
 20
-71.9000000000000057
 30
0.0
 40
0.14
 41
0.0
 71
7
 72
1
  1
PERSONNEL:  ______________________
  7
textstyle86
 50
0.0
 73
2
 44
1.0
1001
CaveSurvey
1000
TBField=personnel
  0
MTEXT
  5
569
100
AcDbEntity
  8
TITLE-BLOCK
 62
256
370
-1
 48
1.0
  6
ByLayer
100
AcDbMText
 10
10.0
 20
-71.5
 30
0.0
 40
0.14
 41
0.0
 71
7
 72
1
  1
SURVEY CODE:  ______________________
  7
textstyle66
 50
0.0
 73
2
 44
1.0
1001
CaveSurvey
1000
TBField=surveyCode
  0
MTEXT
  5
56A
100
AcDbEntity
  8
TITLE-BLOCK
 62
256
370
-1
 48
1.0
  6
ByLayer
100
AcDbMText
 10
0.0
 20
-72.2999999999999972
 30
0.0
 40
0.14
 41
0.0
 71
7
 72
1
  1
SURVEY METHOD:  ______________________
  7
textstyle85
 50
0.0
 73
2
 44
1.0
1001
CaveSurvey
1000
TBField=surveyMethod
  0
MTEXT
  5
56B
100
AcDbEntity
  8
TITLE-BLOCK
 62
256
370
-1
 48
1.0
  6
ByLayer
100
AcDbMText
 10
0.0
 20
-71.0999999999999943
 30
0.0
 40
0.14
 41
0.0
 71
7
 72
1
  1
SURVEYED BY:  ______________________
  7
textstyle19
 50
0.0
 73
2
 44
1.0
1001
CaveSurvey
1000
TBField=surveyedBy
  0
MTEXT
  5
56C
100
AcDbEntity
  8
TITLE-BLOCK
 62
256
370
-1
 48
1.0
  6
ByLayer
100
AcDbMText
 10
6.0
 20
-71.0999999999999943
 30
0.0
 40
0.14
 41
0.0
 71
7
 72
1
  1
LENGTH:  __________ FT
  7
textstyle109
 50
0.0
 73
2
 44
1.0
1001
CaveSurvey
1000
TBField=length
  0
MTEXT
  5
56D
100
AcDbEntity
  8
TITLE-BLOCK
 62
256
370
-1
 48
1.0
  6
ByLayer
100
AcDbMText
 10
10.0
 20
-71.0999999999999943
 30
0.0
 40
0.14
 41
0.0
 71
7
 72
1
  1
SYMBOLS PER NSS STANDARD (MODERN PRACTICE)
  7
textstyle9
 50
0.0
 73
2
 44
1.0
1001
CaveSurvey
1000
TBField=legendNote
  0
ENDSEC
  0
SECTION
  2
OBJECTS
  0
DICTIONARY
  5
C
100
AcDbDictionary
280
0
281
1
  3
ACAD_GROUP
350
D
  3
ACAD_LAYOUT
350
1A
  3
ACAD_MLINESTYLE
350
17
  3
ACAD_PLOTSETTINGS
350
19
  3
ACAD_PLOTSTYLENAME
350
E
  3
AcDbVariableDictionary
350
56E
  3
QCAD_OBJECTS
350
56F
  0
DICTIONARY
  5
D
100
AcDbDictionary
280
0
281
1
  0
ACDBDICTIONARYWDFLT
  5
E
100
AcDbDictionary
281
1
  3
Normal
350
F
100
AcDbDictionaryWithDefault
340
F
  0
ACDBPLACEHOLDER
  5
F
  0
DICTIONARY
  5
17
100
AcDbDictionary
280
0
281
1
  3
Standard
350
18
  0
MLINESTYLE
  5
18
100
AcDbMlineStyle
  2
STANDARD
 70
0
  3

 62
256
 51
90.0
 52
90.0
 71
2
 49
0.5
 62
256
  6
BYLAYER
 49
-0.5
 62
256
  6
BYLAYER
  0
DICTIONARY
  5
19
100
AcDbDictionary
280
0
281
1
  0
DICTIONARY
  5
1A
100
AcDbDictionary
281
1
  3
Layout1
350
1E
  3
Layout2
350
26
  3
Model
350
22
  0
LAYOUT
  5
1E
100
AcDbPlotSettings
  1

  2
none_device
  4

  6

 40
0.0
 41
0.0
 42
0.0
 43
0.0
 44
0.0
 45
0.0
 46
0.0
 47
0.0
 48
0.0
 49
0.0
140
0.0
141
0.0
142
1.0
143
1.0
 70
688
 72
0
 73
0
 74
5
  7

 75
16
147
1.0
148
0.0
149
0.0
100
AcDbLayout
  1
Layout1
 70
1
 71
1
 10
0.0
 20
0.0
 11
420.0
 21
297.0
 12
0.0
 22
0.0
 32
0.0
 14
100000000000000000000.0
 24
100000000000000000000.0
 34
100000000000000000000.0
 15
-100000000000000000000.0
 25
-100000000000000000000.0
 35
-100000000000000000000.0
146
0.0
 13
0.0
 23
0.0
 33
0.0
 16
1.0
 26
0.0
 36
0.0
 17
0.0
 27
1.0
 37
0.0
 76
0
330
1B
  0
LAYOUT
  5
22
100
AcDbPlotSettings
  1

  2
none_device
  4

  6

 40
0.0
 41
0.0
 42
0.0
 43
0.0
 44
0.0
 45
0.0
 46
0.0
 47
0.0
 48
0.0
 49
0.0
140
0.0
141
0.0
142
1.0
143
1.0
 70
1712
 72
0
 73
0
 74
0
  7

 75
0
147
1.0
148
0.0
149
0.0
100
AcDbLayout
  1
Model
 70
1
 71
0
 10
0.0
 20
0.0
 11
12.0
 21
9.0
 12
0.0
 22
0.0
 32
0.0
 14
0.0
 24
0.0
 34
0.0
 15
0.0
 25
0.0
 35
0.0
146
0.0
 13
0.0
 23
0.0
 33
0.0
 16
1.0
 26
0.0
 36
0.0
 17
0.0
 27
1.0
 37
0.0
 76
0
330
1F
  0
LAYOUT
  5
26
100
AcDbPlotSettings
  1

  2
none_device
  4

  6

 40
0.0
 41
0.0
 42
0.0
 43
0.0
 44
0.0
 45
0.0
 46
0.0
 47
0.0
 48
0.0
 49
0.0
140
0.0
141
0.0
142
1.0
143
1.0
 70
688
 72
0
 73
0
 74
5
  7

 75
16
147
1.0
148
0.0
149
0.0
100
AcDbLayout
  1
Layout2
 70
1
 71
2
 10
0.0
 20
0.0
 11
12.0
 21
9.0
 12
0.0
 22
0.0
 32
0.0
 14
0.0
 24
0.0
 34
0.0
 15
0.0
 25
0.0
 35
0.0
146
0.0
 13
0.0
 23
0.0
 33
0.0
 16
1.0
 26
0.0
 36
0.0
 17
0.0
 27
1.0
 37
0.0
 76
0
330
23
  0
DICTIONARY
  5
56E
100
AcDbDictionary
281
1
  3
DIMASSOC
350
571
  3
HIDETEXT
350
570
  0
DICTIONARYVAR
  5
570
100
DictionaryVariables
280
0
  1
2
  0
DICTIONARYVAR
  5
571
100
DictionaryVariables
280
0
  1
1
  0
DICTIONARY
  5
56F
100
AcDbDictionary
281
1
  3
CaveCADLayerManager0
350
572
  3
CaveCADLayerManager1
350
573
  3
CaveCADLayerManager10
350
574
  3
CaveCADLayerManager11
350
575
  3
CaveCADLayerManager12
350
576
  3
CaveCADLayerManager13
350
577
  3
CaveCADLayerManager14
350
578
  3
CaveCADLayerManager2
350
579
  3
CaveCADLayerManager3
350
57A
  3
CaveCADLayerManager4
350
57B
  3
CaveCADLayerManager5
350
57C
  3
CaveCADLayerManager6
350
57D
  3
CaveCADLayerManager7
350
57E
  3
CaveCADLayerManager8
350
57F
  3
CaveCADLayerManager9
350
580
  3
CaveCADLayerManagerCount
350
581
  3
ColorSettings/BackgroundColor
350
582
  3
ColorSettings/ColorMode
350
583
  3
Grid/DisplayGrid00
350
584
  3
Grid/DisplayGrid01
350
585
  3
Grid/DisplayGrid02
350
586
  3
Grid/DisplayGrid03
350
587
  3
Grid/GridSpacingX00
350
588
  3
Grid/GridSpacingX01
350
589
  3
Grid/GridSpacingX02
350
58A
  3
Grid/GridSpacingX03
350
58B
  3
Grid/GridSpacingY00
350
58C
  3
Grid/GridSpacingY01
350
58D
  3
Grid/GridSpacingY02
350
58E
  3
Grid/GridSpacingY03
350
58F
  3
Grid/IsometricGrid00
350
590
  3
Grid/IsometricGrid01
350
591
  3
Grid/IsometricGrid02
350
592
  3
Grid/IsometricGrid03
350
593
  3
Grid/IsometricProjection00
350
594
  3
Grid/IsometricProjection01
350
595
  3
Grid/IsometricProjection02
350
596
  3
Grid/IsometricProjection03
350
597
  3
Grid/MetaGridSpacingX00
350
598
  3
Grid/MetaGridSpacingX01
350
599
  3
Grid/MetaGridSpacingX02
350
59A
  3
Grid/MetaGridSpacingX03
350
59B
  3
Grid/MetaGridSpacingY00
350
59C
  3
Grid/MetaGridSpacingY01
350
59D
  3
Grid/MetaGridSpacingY02
350
59E
  3
Grid/MetaGridSpacingY03
350
59F
  3
MultiPageSettings/Columns
350
5A0
  3
MultiPageSettings/GlueMarginsBottom
350
5A1
  3
MultiPageSettings/GlueMarginsLeft
350
5A2
  3
MultiPageSettings/GlueMarginsRight
350
5A3
  3
MultiPageSettings/GlueMarginsTop
350
5A4
  3
MultiPageSettings/PrintCropMarks
350
5A5
  3
MultiPageSettings/Rows
350
5A6
  3
PageSettings/OffsetX
350
5A7
  3
PageSettings/OffsetY
350
5A8
  3
PageSettings/PageOrientation
350
5A9
  3
PageSettings/PaperHeight
350
5AA
  3
PageSettings/PaperWidth
350
5AB
  3
PageSettings/Scale
350
5AC
  3
PageSettings/ShowPaperBorders
350
5AD
  3
PageTagSettings/EnablePageTags
350
5AE
  3
PageTagSettings/TagAlignment
350
5AF
  3
PageTagSettings/TagFont
350
5B0
  3
PageTagSettings/TagPosition
350
5B1
  3
UnitSettings/PaperUnit
350
5B2
  0
XRECORD
  5
572
330
56F
100
AcDbXrecord
280
1
1000
{"v":2,"l":["CEILING","CLIMBS-CHIMNEYS","DRIPLINE","ENTRANCE","LEDGE-CEILING","OVERHANG-LEDGE","PITS-DOMES","WALL-GLYPHS","WALLS-INFERRED","WALLS-SURVEYED","BREAKDOWN","BREAKDOWN-BOUNDARY","FLOOR","FLOOR-SLOPE","GUANO","ICE-SNOW","LEDGE-FLOOR","SEDIMENT-CLAY-MUD","SEDIMENT-SAND-GRAVEL","SLOPE","FLOWSTONE","FORMATIONS-DRAPERY","FORMATIONS-DRIP","FORMATIONS-FLOWSTONE","FORMATIONS-MOONMILK-POPCORN","FORMATIONS-RIMSTONE","RIMSTONE","WATER-DRIP-SEEP","WATER-FLOW-ARROWS","WATER-INTERMITTENT","WATER-PERENNIAL","WATER-POOL-SUMP","WATER-SIPHON","WATER-SPRING-RESURGENCE","ANCHORS-BOLTS","ARCHAEOLOGY","BIOLOGY","GEOLOGY-JOINTS-FRACTURES","CEILING-HEIGHT","NOTES-ANNOTATION","NOTES-DIG","NOTES-ELEVATION","NOTES-ELEVATION-LINE","NOTES-EQUIPMENT","NOTES-GENERAL","NOTES-HAZARD","NOTES-NAME","TEXT-LABELS",
  0
XRECORD
  5
573
330
56F
100
AcDbXrecord
280
1
1000
"TEXT-NOTES","PROFILE-ANCHORS-BOLTS","PROFILE-ARCHAEOLOGY","PROFILE-BIOLOGY","PROFILE-BREAKDOWN","PROFILE-BREAKDOWN-BOUNDARY","PROFILE-CEILING","PROFILE-CEILING-HEIGHT","PROFILE-CLIMBS-CHIMNEYS","PROFILE-DRIPLINE","PROFILE-ENTRANCE","PROFILE-FLOOR","PROFILE-FLOOR-SLOPE","PROFILE-FLOWSTONE","PROFILE-FORMATIONS-DRAPERY","PROFILE-FORMATIONS-DRIP","PROFILE-FORMATIONS-FLOWSTONE","PROFILE-FORMATIONS-MOONMILK-POPCORN","PROFILE-FORMATIONS-RIMSTONE","PROFILE-GEOLOGY-JOINTS-FRACTURES","PROFILE-GUANO","PROFILE-ICE-SNOW","PROFILE-LEDGE-CEILING","PROFILE-LEDGE-FLOOR","PROFILE-NOTES-ANNOTATION","PROFILE-NOTES-DIG","PROFILE-NOTES-ELEVATION","PROFILE-NOTES-ELEVATION-LINE","PROFILE-NOTES-EQUIPMENT","PROFILE-NOTES-GENERAL","PROFILE-NOTES-HAZARD","PROFILE-NOTES-NAME","PROFILE-OVERHANG-LEDGE","PROFILE-PITS-DO
  0
XRECORD
  5
574
330
56F
100
AcDbXrecord
280
1
1000
-;-;-","00---;-;-;-","00---;-;-;-","00---;-;-;-","00---;-;-;-","00---;-;-;-","00---;-;-;-","00---;-;-;-","00---;-;-;-","00---;-;-;-","00---;-;-;-","00---;-;-;-","00---;-;-;-","00---;-;-;-","00---;-;-;-","00---;-;-;-","00---;-;-;-","00---;-;-;-","00---;-;-;-","00---;-;-;-","00---;-;-;-","00---;-;-;-","00---;-;-;-","11---;-;-;-","11---;-;-;-","11---;-;-;-","11---;-;-;-","11---;-;-;-","11---;-;-;-","11---;-;-;-"]},{"n":"Plot ready","r":["00---;-;-;-","00---;-;-;-","00---;-;-;-","00---;-;-;-","00---;-;-;-","00---;-;-;-","00---;-;-;-","00---;-;-;-","00---;-;-;-","00---;-;-;-","00---;-;-;-","00---;-;-;-","00---;-;-;-","00---;-;-;-","00---;-;-;-","00---;-;-;-","00---;-;-;-","00---;-;-;-","00---;-;-;-","00---;-;-;-","00---;-;-;-","00---;-;-;-","00---;-;-;-","00---;-;-;-","00---;-;-;-","00---;-;-;-
  0
XRECORD
  5
575
330
56F
100
AcDbXrecord
280
1
1000
","00---;-;-;-","00---;-;-;-","00---;-;-;-","00---;-;-;-","00---;-;-;-","00---;-;-;-","00---;-;-;-","00---;-;-;-","00---;-;-;-","00---;-;-;-","00---;-;-;-","00---;-;-;-","00---;-;-;-","00---;-;-;-","00---;-;-;-","00---;-;-;-","00---;-;-;-","00---;-;-;-","00---;-;-;-","00---;-;-;-","00---;-;-;-","00---;-;-;-","00---;-;-;-","00---;-;-;-","00---;-;-;-","00---;-;-;-","00---;-;-;-","00---;-;-;-","00---;-;-;-","00---;-;-;-","00---;-;-;-","00---;-;-;-","00---;-;-;-","00---;-;-;-","00---;-;-;-","00---;-;-;-","00---;-;-;-","00---;-;-;-","00---;-;-;-","00---;-;-;-","00---;-;-;-","00---;-;-;-","00---;-;-;-","00---;-;-;-","00---;-;-;-","00---;-;-;-","00---;-;-;-","00---;-;-;-","00---;-;-;-","00---;-;-;-","00---;-;-;-","00---;-;-;-","00---;-;-;-","00---;-;-;-","00---;-;-;-","00---;-;-;-","00---;-;-;-",
  0
XRECORD
  5
576
330
56F
100
AcDbXrecord
280
1
1000
"00---;-;-;-","00---;-;-;-","00---;-;-;-","00---;-;-;-","00---;-;-;-","00---;-;-;-","00---;-;-;-","00---;-;-;-","00---;-;-;-","00---;-;-;-","00---;-;-;-","00---;-;-;-","00---;-;-;-","00---;-;-;-","00---;-;-;-","00---;-;-;-","00---;-;-;-","00---;-;-;-","00---;-;-;-","00---;-;-;-","00---;-;-;-","00---;-;-;-","00---;-;-;-","00---;-;-;-","00---;-;-;-","00---;-;-;-","00---;-;-;-","00---;-;-;-","00---;-;-;-","00---;-;-;-","00---;-;-;-","00---;-;-;-","00---;-;-;-","00---;-;-;-","00---;-;-;-","00---;-;-;-","00---;-;-;-","00---;-;-;-","00---;-;-;-","00---;-;-;-","00---;-;-;-","00---;-;-;-","00---;-;-;-","00---;-;-;-","00---;-;-;-","00---;-;-;-","00---;-;-;-","00---;-;-;-","00---;-;-;-","00---;-;-;-","00---;-;-;-","00---;-;-;-","00---;-;-;-","00---;-;-;-","00---;-;-;-","00---;-;-;-","00---;-;-;-","0
  0
XRECORD
  5
577
330
56F
100
AcDbXrecord
280
1
1000
0---;-;-;-","00---;-;-;-","00---;-;-;-","00---;-;-;-","00---;-;-;-","00---;-;-;-","00---;-;-;-","11---;-;-;-","11---;-;-;-","11---;-;-;-","11---;-;-;-","11---;-;-;-","11---;-;-;-","11---;-;-;-","11---;-;-;-","11---;-;-;-","11---;-;-;-","11---;-;-;-","11---;-;-;-","11---;-;-;-","11---;-;-;-","11---;-;-;-","11---;-;-;-","11---;-;-;-","11---;-;-;-","11---;-;-;-","11---;-;-;-","11---;-;-;-","11---;-;-;-","11---;-;-;-","11---;-;-;-","11---;-;-;-","11---;-;-;-","11---;-;-;-","11---;-;-;-","11---;-;-;-","11---;-;-;-","11---;-;-;-","11---;-;-;-","11---;-;-;-","11---;-;-;-","11---;-;-;-","11---;-;-;-","11---;-;-;-","11---;-;-;-","11---;-;-;-","11---;-;-;-","11---;-;-;-","11---;-;-;-","11---;-;-;-","11---;-;-;-","11---;-;-;-","11---;-;-;-","11---;-;-;-","11---;-;-;-","11---;-;-;-","11---;-;-;-","11-
  0
XRECORD
  5
578
330
56F
100
AcDbXrecord
280
1
1000
--;-;-;-","11---;-;-;-","11---;-;-;-","11---;-;-;-","00---;-;-;-","00---;-;-;-","00---;-;-;-","00---;-;-;-","00---;-;-;-","00---;-;-;-","00---;-;-;-"]}]}
  0
XRECORD
  5
579
330
56F
100
AcDbXrecord
280
1
1000
MES","PROFILE-RIMSTONE","PROFILE-SEDIMENT-CLAY-MUD","PROFILE-SEDIMENT-SAND-GRAVEL","PROFILE-SLOPE","PROFILE-TEXT-LABELS","PROFILE-TEXT-NOTES","PROFILE-WALL-GLYPHS","PROFILE-WALLS-INFERRED","PROFILE-WALLS-SURVEYED","PROFILE-WATER-DRIP-SEEP","PROFILE-WATER-FLOW-ARROWS","PROFILE-WATER-INTERMITTENT","PROFILE-WATER-PERENNIAL","PROFILE-WATER-POOL-SUMP","PROFILE-WATER-SIPHON","PROFILE-WATER-SPRING-RESURGENCE","SECTION-ANCHORS-BOLTS","SECTION-ARCHAEOLOGY","SECTION-BIOLOGY","SECTION-BREAKDOWN","SECTION-BREAKDOWN-BOUNDARY","SECTION-CEILING","SECTION-CEILING-HEIGHT","SECTION-CLIMBS-CHIMNEYS","SECTION-DRIPLINE","SECTION-ENTRANCE","SECTION-FLOOR","SECTION-FLOOR-SLOPE","SECTION-FLOWSTONE","SECTION-FORMATIONS-DRAPERY","SECTION-FORMATIONS-DRIP","SECTION-FORMATIONS-FLOWSTONE","SECTION-FORMATIONS-MOONMILK-P
  0
XRECORD
  5
57A
330
56F
100
AcDbXrecord
280
1
1000
OPCORN","SECTION-FORMATIONS-RIMSTONE","SECTION-GEOLOGY-JOINTS-FRACTURES","SECTION-GUANO","SECTION-ICE-SNOW","SECTION-LEDGE-CEILING","SECTION-LEDGE-FLOOR","SECTION-NOTES-ANNOTATION","SECTION-NOTES-DIG","SECTION-NOTES-ELEVATION","SECTION-NOTES-ELEVATION-LINE","SECTION-NOTES-EQUIPMENT","SECTION-NOTES-GENERAL","SECTION-NOTES-HAZARD","SECTION-NOTES-NAME","SECTION-OVERHANG-LEDGE","SECTION-PITS-DOMES","SECTION-RIMSTONE","SECTION-SEDIMENT-CLAY-MUD","SECTION-SEDIMENT-SAND-GRAVEL","SECTION-SLOPE","SECTION-TEXT-LABELS","SECTION-TEXT-NOTES","SECTION-WALL-GLYPHS","SECTION-WALLS-INFERRED","SECTION-WALLS-SURVEYED","SECTION-WATER-DRIP-SEEP","SECTION-WATER-FLOW-ARROWS","SECTION-WATER-INTERMITTENT","SECTION-WATER-PERENNIAL","SECTION-WATER-POOL-SUMP","SECTION-WATER-SIPHON","SECTION-WATER-SPRING-RESURGENCE","
  0
XRECORD
  5
57B
330
56F
100
AcDbXrecord
280
1
1000
CTRL-AERIAL","CTRL-CONTOUR","CTRL-CONTOUR-MAJOR","CTRL-PROFILE-SCAN","CTRL-SCAN","CTRL-SECTION-SCAN","CROSS-SECTION-MARKERS","CTRL-AREA-BOUNDARY","CTRL-BOX","CTRL-CEILING","CTRL-CLOSURE","CTRL-FLOOR","CTRL-GRID","CTRL-HIDDEN","CTRL-LRUD","CTRL-LRUD-WALL-LEFT","CTRL-LRUD-WALL-RIGHT","CTRL-OUTLINE","CTRL-PROFILE-AREA-BOUNDARY","CTRL-PROFILE-BOX","CTRL-PROFILE-CEILING","CTRL-PROFILE-FLOOR","CTRL-PROFILE-LRUD","CTRL-PROFILE-LRUD-WALL-LEFT","CTRL-PROFILE-LRUD-WALL-RIGHT","CTRL-PROFILE-OUTLINE","CTRL-PROFILE-SHAPE-SPINE","CTRL-PROFILE-SHOTS","CTRL-PROFILE-SPLAYS","CTRL-PROFILE-STATION-LABELS","CTRL-PROFILE-STATIONS","CTRL-PROFILE-TEXT-LABELS","CTRL-RAW","CTRL-SECTION-AREA-BOUNDARY","CTRL-SECTION-BOX","CTRL-SECTION-CEILING","CTRL-SECTION-FLOOR","CTRL-SECTION-GHOST","CTRL-SECTION-LRUD","CTRL-SECTI
  0
XRECORD
  5
57C
330
56F
100
AcDbXrecord
280
1
1000
ON-LRUD-WALL-LEFT","CTRL-SECTION-LRUD-WALL-RIGHT","CTRL-SECTION-OUTLINE","CTRL-SECTION-SHAPE-SPINE","CTRL-SECTION-SHOTS","CTRL-SECTION-SPLAYS","CTRL-SECTION-STATION-LABELS","CTRL-SECTION-STATIONS","CTRL-SECTION-TEXT-LABELS","CTRL-SHAPE-SPINE","CTRL-SHOTS","CTRL-SPLAYS","CTRL-STATION-LABELS","CTRL-STATIONS","CTRL-TEXT-LABELS","0","BORDER","Defpoints","LEGEND","NORTH-ARROW","SCALE-BAR","TITLE-BLOCK"],"g":[{"n":"Plan","m":[]},{"n":"Passage","m":[0,1,2,3,4,5,6,7,8,9],"p":"Plan"},{"n":"Floor","m":[10,11,12,13,14,15,16,17,18,19],"p":"Plan"},{"n":"Formations","m":[20,21,22,23,24,25,26],"p":"Plan"},{"n":"Water","m":[27,28,29,30,31,32,33],"p":"Plan"},{"n":"Geology & Finds","m":[34,35,36,37],"p":"Plan"},{"n":"Notes","m":[38,39,40,41,42,43,44,45,46,47,48],"p":"Plan"},{"n":"Profile","m":[49,50,51,52,5
  0
XRECORD
  5
57D
330
56F
100
AcDbXrecord
280
1
1000
3,54,55,56,57,58,59,60,61,62,63,64,65,66,67,68,69,70,71,72,73,74,75,76,77,78,79,80,81,82,83,84,85,86,87,88,89,90,91,92,93,94,95,96,97]},{"n":"Cross Sections","m":[98,99,100,101,102,103,104,105,106,107,108,109,110,111,112,113,114,115,116,117,118,119,120,121,122,123,124,125,126,127,128,129,130,131,132,133,134,135,136,137,138,139,140,141,142,143,144,145,146]},{"n":"Scans & Basemap","m":[147,148,149,150,151,152]},{"n":"Control","m":[153,154,155,156,157,158,159,160,161,162,163,164,165,166,167,168,169,170,171,172,173,174,175,176,177,178,179,180,181,182,183,184,185,186,187,188,189,190,191,192,193,194,195,196,197,198,199,200]},{"n":"Sheet","m":[201,202,203,204,205,206,207]}],"s":[{"n":"Tracing","r":["00---;-;-;-","00---;-;-;-","00---;-;-;-","00---;-;-;-","00---;-;-;-","00---;-;-;-","00---;-;-;-","
  0
XRECORD
  5
57E
330
56F
100
AcDbXrecord
280
1
1000
00---;-;-;-","00---;-;-;-","00---;-;-;-","00---;-;-;-","00---;-;-;-","00---;-;-;-","00---;-;-;-","00---;-;-;-","00---;-;-;-","00---;-;-;-","00---;-;-;-","00---;-;-;-","00---;-;-;-","00---;-;-;-","00---;-;-;-","00---;-;-;-","00---;-;-;-","00---;-;-;-","00---;-;-;-","00---;-;-;-","00---;-;-;-","00---;-;-;-","00---;-;-;-","00---;-;-;-","00---;-;-;-","00---;-;-;-","00---;-;-;-","00---;-;-;-","00---;-;-;-","00---;-;-;-","00---;-;-;-","00---;-;-;-","00---;-;-;-","00---;-;-;-","00---;-;-;-","00---;-;-;-","00---;-;-;-","00---;-;-;-","00---;-;-;-","00---;-;-;-","00---;-;-;-","00---;-;-;-","00---;-;-;-","00---;-;-;-","00---;-;-;-","00---;-;-;-","00---;-;-;-","00---;-;-;-","00---;-;-;-","00---;-;-;-","00---;-;-;-","00---;-;-;-","00---;-;-;-","00---;-;-;-","00---;-;-;-","00---;-;-;-","00---;-;-;-","00
  0
XRECORD
  5
57F
330
56F
100
AcDbXrecord
280
1
1000
---;-;-;-","00---;-;-;-","00---;-;-;-","00---;-;-;-","00---;-;-;-","00---;-;-;-","00---;-;-;-","00---;-;-;-","00---;-;-;-","00---;-;-;-","00---;-;-;-","00---;-;-;-","00---;-;-;-","00---;-;-;-","00---;-;-;-","00---;-;-;-","00---;-;-;-","00---;-;-;-","00---;-;-;-","00---;-;-;-","00---;-;-;-","00---;-;-;-","00---;-;-;-","00---;-;-;-","00---;-;-;-","00---;-;-;-","00---;-;-;-","00---;-;-;-","00---;-;-;-","00---;-;-;-","00---;-;-;-","00---;-;-;-","00---;-;-;-","00---;-;-;-","00---;-;-;-","00---;-;-;-","00---;-;-;-","00---;-;-;-","00---;-;-;-","00---;-;-;-","00---;-;-;-","00---;-;-;-","00---;-;-;-","00---;-;-;-","00---;-;-;-","00---;-;-;-","00---;-;-;-","00---;-;-;-","00---;-;-;-","00---;-;-;-","00---;-;-;-","00---;-;-;-","00---;-;-;-","00---;-;-;-","00---;-;-;-","00---;-;-;-","00---;-;-;-","00--
  0
XRECORD
  5
580
330
56F
100
AcDbXrecord
280
1
1000
-;-;-;-","00---;-;-;-","00---;-;-;-","00---;-;-;-","00---;-;-;-","00---;-;-;-","00---;-;-;-","00---;-;-;-","00---;-;-;-","00---;-;-;-","00---;-;-;-","00---;-;-;-","00---;-;-;-","00---;-;-;-","00---;-;-;-","00---;-;-;-","00---;-;-;-","00---;-;-;-","00---;-;-;-","00---;-;-;-","00---;-;-;-","00---;-;-;-","00---;-;-;-","00---;-;-;-","00---;-;-;-","00---;-;-;-","00---;-;-;-","00---;-;-;-","00---;-;-;-","00---;-;-;-","00---;-;-;-","00---;-;-;-","00---;-;-;-","00---;-;-;-","00---;-;-;-","00---;-;-;-","00---;-;-;-","00---;-;-;-","00---;-;-;-","00---;-;-;-","00---;-;-;-","00---;-;-;-","00---;-;-;-","00---;-;-;-","00---;-;-;-","00---;-;-;-","00---;-;-;-","00---;-;-;-","00---;-;-;-","00---;-;-;-","00---;-;-;-","00---;-;-;-","00---;-;-;-","00---;-;-;-","00---;-;-;-","00---;-;-;-","00---;-;-;-","00---;
  0
XRECORD
  5
581
330
56F
100
AcDbXrecord
280
1
 40
15.0
  0
XRECORD
  5
583
330
56F
100
AcDbXrecord
280
1
1000
FullColor
  0
XRECORD
  5
584
330
56F
100
AcDbXrecord
280
1
290
1
  0
XRECORD
  5
585
330
56F
100
AcDbXrecord
280
1
290
1
  0
XRECORD
  5
586
330
56F
100
AcDbXrecord
280
1
290
1
  0
XRECORD
  5
587
330
56F
100
AcDbXrecord
280
1
290
1
  0
XRECORD
  5
588
330
56F
100
AcDbXrecord
280
1
1000
auto
  0
XRECORD
  5
589
330
56F
100
AcDbXrecord
280
1
1000
auto
  0
XRECORD
  5
58A
330
56F
100
AcDbXrecord
280
1
1000
auto
  0
XRECORD
  5
58B
330
56F
100
AcDbXrecord
280
1
1000
auto
  0
XRECORD
  5
58C
330
56F
100
AcDbXrecord
280
1
1000
auto
  0
XRECORD
  5
58D
330
56F
100
AcDbXrecord
280
1
1000
auto
  0
XRECORD
  5
58E
330
56F
100
AcDbXrecord
280
1
1000
auto
  0
XRECORD
  5
58F
330
56F
100
AcDbXrecord
280
1
1000
auto
  0
XRECORD
  5
590
330
56F
100
AcDbXrecord
280
1
290
0
  0
XRECORD
  5
591
330
56F
100
AcDbXrecord
280
1
290
0
  0
XRECORD
  5
592
330
56F
100
AcDbXrecord
280
1
290
0
  0
XRECORD
  5
593
330
56F
100
AcDbXrecord
280
1
290
0
  0
XRECORD
  5
594
330
56F
100
AcDbXrecord
280
1
 90
65537
  0
XRECORD
  5
595
330
56F
100
AcDbXrecord
280
1
 90
65537
  0
XRECORD
  5
596
330
56F
100
AcDbXrecord
280
1
 90
65537
  0
XRECORD
  5
597
330
56F
100
AcDbXrecord
280
1
 90
65537
  0
XRECORD
  5
598
330
56F
100
AcDbXrecord
280
1
1000
auto
  0
XRECORD
  5
599
330
56F
100
AcDbXrecord
280
1
1000
auto
  0
XRECORD
  5
59A
330
56F
100
AcDbXrecord
280
1
1000
auto
  0
XRECORD
  5
59B
330
56F
100
AcDbXrecord
280
1
1000
auto
  0
XRECORD
  5
59C
330
56F
100
AcDbXrecord
280
1
1000
auto
  0
XRECORD
  5
59D
330
56F
100
AcDbXrecord
280
1
1000
auto
  0
XRECORD
  5
59E
330
56F
100
AcDbXrecord
280
1
1000
auto
  0
XRECORD
  5
59F
330
56F
100
AcDbXrecord
280
1
1000
auto
  0
XRECORD
  5
5A0
330
56F
100
AcDbXrecord
280
1
 90
1
  0
XRECORD
  5
5A1
330
56F
100
AcDbXrecord
280
1
 40
0.5
  0
XRECORD
  5
5A2
330
56F
100
AcDbXrecord
280
1
 40
0.5
  0
XRECORD
  5
5A3
330
56F
100
AcDbXrecord
280
1
 40
0.5
  0
XRECORD
  5
5A4
330
56F
100
AcDbXrecord
280
1
 40
0.5
  0
XRECORD
  5
5A5
330
56F
100
AcDbXrecord
280
1
290
0
  0
XRECORD
  5
5A6
330
56F
100
AcDbXrecord
280
1
 90
1
  0
XRECORD
  5
5A7
330
56F
100
AcDbXrecord
280
1
 40
0.0
  0
XRECORD
  5
5A8
330
56F
100
AcDbXrecord
280
1
 40
0.0
  0
XRECORD
  5
5A9
330
56F
100
AcDbXrecord
280
1
1000
Portrait
  0
XRECORD
  5
5AA
330
56F
100
AcDbXrecord
280
1
 40
36.0
  0
XRECORD
  5
5AB
330
56F
100
AcDbXrecord
280
1
 40
24.0000000000000036
  0
XRECORD
  5
5AC
330
56F
100
AcDbXrecord
280
1
1000
1:1
  0
XRECORD
  5
5AD
330
56F
100
AcDbXrecord
280
1
290
1
  0
XRECORD
  5
5AE
330
56F
100
AcDbXrecord
280
1
290
0
  0
XRECORD
  5
5AF
330
56F
100
AcDbXrecord
280
1
1000
Inside
  0
XRECORD
  5
5B0
330
56F
100
AcDbXrecord
280
1
1000
Arial,10,-1,5,400,0,0,0,0,0,0,0,0,0,0,1,,0,0
  0
XRECORD
  5
5B1
330
56F
100
AcDbXrecord
280
1
1000
TopLeft
  0
XRECORD
  5
5B2
330
56F
100
AcDbXrecord
280
1
 90
1
  0
ENDSEC
  0
EOF
